대학명,학과명,학점,모집인원,경쟁률
가천대학교,일본어문학과,X,X,X
가천대학교,중국어문학과,X,X,X
가천대학교,영미어문학과,X,X,X
가천대학교,유럽어문학과,X,X,X
가천대학교,한국어문학과,X,X,X
가천대학교,AI인문대학,3.06,22,8.8
가천대학교,스마트보안학과,2.94,8,7.63
가천대학교,인공지능학과,2.81,21,7.15
가천대학교,게임・영상학과,X,X,X
가천대학교,바이오의료기기학과,X,X,X
가천대학교,스마트시티학과,3.38,8,6.43
가천대학교,의공학과,3.83,6,8.67
가천대학교,전기공학과,3.25,8,7.25
가천대학교,컴퓨터공학과,2.74,16,7.1
가천대학교,클라우드공학과,X,X,X
가천대학교,자유전공학부,5.14,321,20.48
가천대학교,간호학과,2.01,28,6.85
가천대학교,관광경영학과,3,7,9.43
가천대학교,의료산업경영학과,3.14,7,8.14
가천대학교,회계세무학과,2.9,7,11.71
가천대학교,경영학과,2.76,15,9.56
가천대학교,금융・빅데이터학부,3.17,12,7
가천대학교,금융・빅데이터학부(금융수학전공),X,X,X
가천대학교,금융・빅데이터학부(빅데이터경영전공),X,X,X
가천대학교,기계공학부(기계공학전공),X,X,X
가천대학교,기계공학부(산업공학전공),X,X,X
가천대학교,기계공학부(설비・소방공학전공),X,X,X
가천대학교,기계공학부(스마트팩토리전공),3.22,9,6.89
가천대학교,건축공학전공,X,X,X
가천대학교,건축학부,3.3,7,8.08
가천대학교,건축학전공,X,X,X
가천대학교,도시계획・조경학부,3.61,10,9
가천대학교,도시계획학전공,X,X,X
가천대학교,미래자동차학과,X,X,X
가천대학교,신소재공학과,3.02,6,10.83
가천대학교,실내건축학전공,X,X,X
가천대학교,조경학전공,2.77,25,6
가천대학교,토목환경공학과,2.77,25,6
가천대학교,화공생명배터리공학부,X,X,X
가천대학교,화공생명배터리공학부(배터리공학전공),X,X,X
가천대학교,화공생명배터리공학부(화공생명공학전공),X,X,X
가천대학교,기계공학부,2.93,18,10.73
가천대학교,국제학부(국제자유전공),X,X,X
가천대학교,국제학부(한국학전공),X,X,X
가천대학교,경영학과,2.76,18,9.6
가천대학교,관광경영학과,3,9.4,7
가천대학교,미디어커뮤니케이션학과,2.32,5,11.8
가천대학교,심리학과,2.35,6,11.83
가천대학교,컴퓨터공학과,X,X,X
가천대학교,한국어교육학과,X,X,X
가천대학교,반도체물리학과,3.02,6,7.29
가천대학교,바이오나노학과,3.16,7,5.9
가천대학교,생명과학과,3.41,7,6.43
가천대학교,식품생명공학과,3.16,9,5.86
가천대학교,식품영양학과,X,X,X
가천대학교,화학과,2.74,7,15.71
가천대학교,반도체공학과,3.04,21,6.23
가천대학교,시스템반도체학과,3.44,9,5.89
가천대학교,전자공학과,X,X,X
가천대학교,반도체・디스플레이학과,X,X,X
가천대학교,반도체설계학과,X,X,X
가천대학교,반도체대학,3.04,21,6.23
가천대학교,경찰행정학과,X,X,X
가천대학교,법학과,X,X,X
가천대학교,행정학과,X,X,X
가천대학교,법과대학,2.84,17,10.45
가천대학교,경제학과,2.8,8,9.43
가천대학교,미디어커뮤니케이션학과,X,X,X
가천대학교,사회복지학과,3.17,6,17.67
가천대학교,심리학과,X,X,X
가천대학교,유아교육학과,3.21,6,9.33
가천대학교,응용통계학과,2.73,9,9.43
가천대학교,패션산업학과,3.09,6,12.67
가천대학교,스타트업칼리지(창업융합전공),X,X,X
가천대학교,바이오로직스학과,2.9,12,6.38
가천대학교,약학과,1.13,3,37.7
가천대학교,미술・디자인학부(산업디자인전공),X,X,X
가천대학교,미술・디자인학부(시각디자인전공),X,X,X
가천대학교,미술・디자인학부(조소전공),X,X,X
가천대학교,미술・디자인학부(회화전공),X,X,X
가천대학교,연기예술학과,X,X,X
가천대학교,운동재활학과,4,6,11.4
가천대학교,음악학부(기악),X,X,X
가천대학교,음악학부(성악),X,X,X
가천대학교,음악학부(작곡),X,X,X
가천대학교,체육학부(체육),X,X,X
가천대학교,체육학부(태권도),X,X,X
가천대학교,의예과,1.05,4,13.4
가천대학교,의학과,X,X,X
가천대학교,물리치료학과,2.11,6,10.33
가천대학교,방사선학과,X,X,X
가천대학교,응급구조학과,4.11,4,116.1
가천대학교,치위생학과,2.84,5,6.2
가천대학교,한의예과,1.12,7,27.4
가천대학교,한의학과,X,X,X
가톨릭대학교,국제경영학과,X,X,X
가톨릭대학교,IT파이낸스학과,X,X,X
가톨릭대학교,글로벌경영대학,X,X,X
가톨릭대학교,세무회계금융학과,X,X,X
가톨릭대학교,글로벌경영학과,X,X,X
가톨릭대학교,성악과,X,X,X
가톨릭대학교,아동학과,2.86,7,6.43
가톨릭대학교,ICT공학계열,X,X,X
가톨릭대학교,가톨릭대학교학부대학,X,X,X
가톨릭대학교,경영계열,X,X,X
가톨릭대학교,경영학과,2.58,8,7.63
가톨릭대학교,경제학과,3.15,8,6
가톨릭대학교,공간디자인・소비자학과,2.82,5,16.8
가톨릭대학교,교양과정,X,X,X
가톨릭대학교,교직과,X,X,X
가톨릭대학교,국사학과,3.13,5,9.6
가톨릭대학교,국어국문학과,2.64,5,7.6
가톨릭대학교,국제법정경계열,X,X,X
가톨릭대학교,국제학부,2.68,10,7.6
가톨릭대학교,글로벌인문경영융복합전공,X,X,X
가톨릭대학교,글로컬문화스토리텔링융복합전공,X,X,X
가톨릭대학교,금융공학융복합전공,X,X,X
가톨릭대학교,데이터사이언스학과,2.6,8,7.63
가톨릭대학교,모바일유비쿼터스융복합전공,X,X,X
가톨릭대학교,문화예술경영전문가융복합전공,X,X,X
가톨릭대학교,물리학과,2.84,8,9.63
가톨릭대학교,미디어기술콘텐츠학과,2.43,7,8.86
가톨릭대학교,바이오메디컬소프트웨어학과,2.83,5,5.6
가톨릭대학교,바이오메디컬화학공학과,2.28,9,6.67
가톨릭대학교,바이오융합공학계열,X,X,X
가톨릭대학교,법학과,2.58,5,7.6
가톨릭대학교,비즈니스리더융복합전공,X,X,X
가톨릭대학교,빅데이터인문경영융복합전공,X,X,X
가톨릭대학교,사회과학계열,X,X,X
가톨릭대학교,사회복지학과,2.67,7,7.14
가톨릭대학교,사회학과,2.78,6,7.5
가톨릭대학교,사회혁신융복합전공,X,X,X
가톨릭대학교,생명공학과,2.04,7,7.71
가톨릭대학교,생활과학계열,X,X,X
가톨릭대학교,수학과,2.91,8,10.63
가톨릭대학교,스타트업융복합전공,X,X,X
가톨릭대학교,스토리텔링융복합전공,X,X,X
가톨릭대학교,식품영양학과,2.74,6,6.83
가톨릭대학교,심리학과,2.26,7,6.29
가톨릭대학교,어문계열,X,X,X
가톨릭대학교,에너지환경공학과,2.67,7,7.14
가톨릭대학교,영어영문학부,2.77,11,6.55
가톨릭대학교,예술미디어융합학과,X,X,X
가톨릭대학교,융합전공학부,X,X,X
가톨릭대학교,음악과,X,X,X
가톨릭대학교,의류학과,2.78,5,12.8
가톨릭대학교,의생명과학과,1.98,5,12.4
가톨릭대학교,의약나노바이오융복합전공,X,X,X
가톨릭대학교,인공지능학과,2.87,8,7.5
가톨릭대학교,인문계열,X,X,X
가톨릭대학교,일어일본문화학과,2.99,7,6.14
가톨릭대학교,자연과학계열,2.54,16,13.06
가톨릭대학교,정보통신전자공학부,2.66,11,8.91
가톨릭대학교,중국언어문화학과,2.82,7,6
가톨릭대학교,창업대학,X,X,X
가톨릭대학교,철학과,2.81,7,7
가톨릭대학교,컴퓨터정보공학부,2.61,10,10
가톨릭대학교,특수교육과,2.9,6,5.17
가톨릭대학교,프랑스어문화학과,2.96,6,6.5
가톨릭대학교,한국어교육융복합전공,X,X,X
가톨릭대학교,한국어문화학과,X,X,X
가톨릭대학교,행정학과,2.81,7,10.43
가톨릭대학교,화학과,2.52,7,6.86
가톨릭대학교,회계학과,2.68,10,7.8
가톨릭대학교,AI의공학과,X,X,X
가톨릭대학교,바이오로직스공학부,X,X,X
가톨릭대학교,인문사회계열,2.88,26,8.62
가톨릭대학교,자연공학계열,2.54,16,13.06
가톨릭대학교,자유전공학부,2.53,17,10.41
가톨릭대학교,약학과,1.06,4,18.5
강원대학교,AI융합학과,3.68,10,7.9
강원대학교,디지털밀리터리학과,4.3,6,8.5
강원대학교,전기전자공학과,3.31,20,12.35
강원대학교,전자공학과,3.47,10,7.8
강원대학교,컴퓨터공학과,3.63,40,16.1
강원대학교,간호학과,2.65,25,16.44
강원대학교,경영·회계학부,3.35,42,8.88
강원대학교,경영학전공,3.35,42,8.88
강원대학교,경제·정보통계학부,3.48,16,12.44
강원대학교,경제학전공,3.48,16,12.44
강원대학교,관광경영학과,3.36,6,12.5
강원대학교,국제무역학과,3.5,9,11.44
강원대학교,정보통계학전공,3.48,16,12.44
강원대학교,회계학전공,3.35,42,8.88
강원대학교,경영대학 무전공학과,3.77,16,10.06
강원대학교,글로벌공연콘텐츠학전공,X,X,X
강원대학교,글로벌미디어커뮤니케이션전공,X,X,X
강원대학교,글로벌비즈니스전공,X,X,X
강원대학교,글로벌융합학부,X,X,X
강원대학교,자유전공학부(인문계열),3.44,12,12.75
강원대학교,자유전공학부(자연계열),3.33,11,10.36
강원대학교,자유전공학부(학생설계전공 공학계열),X,X,X
강원대학교,자유전공학부(학생설계전공 인문사회계열),X,X,X
강원대학교,자유전공학부(학생설계전공 자연과학계열),X,X,X
강원대학교,스마트팜융합바이오시스템공학과,4.01,5,11.4
강원대학교,농업자원경제학전공,3.93,13,9.92
강원대학교,바이오자원환경학전공,3.57,16,8.31
강원대학교,생물자원과학부,3.76,9,10.33
강원대학교,스마트팜농산업학과,X,X,X
강원대학교,식물의학전공,3.76,9,10.33
강원대학교,식물자원응용과학전공,3.76,9,10.33
강원대학교,식품생명공학과,3.45,6,10.67
강원대학교,에코환경과학전공,3.57,16,8.31
강원대학교,원예·농업자원경제학부,3.93,13,9.92
강원대학교,원예과학전공,3.93,13,9.92
강원대학교,지역건설공학과,4.23,6,10.83
강원대학교,환경융합학부,3.57,16,8.31
강원대학교,농업생명과학대학 무전공학과,4.09,13,9.31
강원대학교,동물산업융합학과,3.96,8,12.75
강원대학교,동물응용과학과,3.82,10,10.2
강원대학교,동물자원과학과,3.86,11,12.82
강원대학교,스마트산업공학과,4.11,7,7.14
강원대학교,에너지자원공학과,3.66,8,6.88
강원대학교,건축·토목·환경공학부,3.85,32,9.47
강원대학교,건축공학전공,3.85,32,9.47
강원대학교,건축학과(5),2.94,4,22.5
강원대학교,기계의용・메카트로닉스공학과,3.85,25,7.12
강원대학교,디자인학과,X,X,X
강원대학교,무용학과,X,X,X
강원대학교,미술학과,X,X,X
강원대학교,배터리융합공학과,3.89,12,6.33
강원대학교,생물공학전공,3.28,18,5.28
강원대학교,스포츠과학과,X,X,X
강원대학교,영상문화학과,3.36,13,8.77
강원대학교,음악학과,X,X,X
강원대학교,토목공학전공,3.85,32,9.47
강원대학교,화공・생물공학부,3.28,18,5.28
강원대학교,화학공학전공,3.28,18,5.28
강원대학교,환경공학전공,3.85,32,9.47
강원대학교,가정교육과,3.24,4,9.25
강원대학교,과학교육학부,3.32,9,7.89
강원대학교,교육학과,3.8,3,10.67
강원대학교,국어교육과,3.4,7,9.57
강원대학교,물리교육전공,3.32,9,7.89
강원대학교,생물교육전공,3.32,9,7.89
강원대학교,수학교육과,2.69,7,6.29
강원대학교,역사교육과,3.31,3,10.33
강원대학교,영어교육과,3.1,7,14.71
강원대학교,윤리교육과,3.12,4,10
강원대학교,일반사회교육과,3.02,4,23.5
강원대학교,지구과학교육전공,3.32,9,7.89
강원대학교,지리교육과,3.25,8,10.25
강원대학교,체육교육과,X,X,X
강원대학교,한문교육과,X,X,X
강원대학교,화학교육전공,3.32,9,7.89
강원대학교,문화인류학과,3.82,6,9.83
강원대학교,미디어커뮤니케이션학과,3.05,6,15.17
강원대학교,부동산학과,3.96,15,20.07
강원대학교,사회학과,3.31,6,9.83
강원대학교,심리학전공,3.29,14,22.86
강원대학교,정치외교학과,3.51,6,9
강원대학교,행정.심리학부,3.29,14,22.86
강원대학교,행정학전공,3.29,14,22.86
강원대학교,목재・종이과학부,4.15,11,12
강원대학교,목재과학전공,4.15,11,12
강원대학교,산림경영학전공,3.76,26,10.04
강원대학교,산림과학부,3.76,26,10.04
강원대학교,산림자원학전공,3.76,26,10.04
강원대학교,산림환경보호학전공,3.76,26,10.04
강원대학교,생태조경디자인학과,3.53,7,7.43
강원대학교,종이소재과학전공,4.15,11,12
강원대학교,수의예과,1.28,15,19.87
강원대학교,수의학과,X,X,X
강원대학교,약학과,1.15,13,21.54
강원대학교,의예과,1.06,11,18.45
강원대학교,의학과,X,X,X
강원대학교,의생명시스템과학전공,3.28,14,4.57
강원대학교,분자생명과학과,3.54,7,5.14
강원대학교,생명건강공학과,3.51,7,8.43
강원대학교,생물의소재공학과,3.78,6,7
강원대학교,의생명공학전공,3.28,14,4.57
강원대학교,의생명융합학부,3.28,14,4.57
강원대학교,국어국문학전공,3.67,55,7.93
강원대학교,독어독문학전공,3.67,55,7.93
강원대학교,불어불문학전공,3.67,55,7.93
강원대학교,사학전공,3.67,55,7.93
강원대학교,영어영문학전공,3.67,55,7.93
강원대학교,인문학부,3.67,55,7.93
강원대학교,일본학전공,3.67,55,7.93
강원대학교,중어중문학전공,3.67,55,7.93
강원대학교,철학전공,3.67,55,7.93
강원대학교,반도체물리학과,3.41,4,8.25
강원대학교,생명과학과,3.46,6,5.5
강원대학교,생화학전공,3.53,16,5
강원대학교,수학과,3.64,7,6.14
강원대학교,지구물리학전공,4.15,12,10
강원대학교,지질·지구물리학부,4.15,12,10
강원대학교,지질학전공,4.15,12,10
강원대학교,화학ㆍ생화학부,3.53,16,5
강원대학교,화학전공,3.53,16,5
강원대학교,그린에너지공학과,7.03,73,1.36
강원대학교,전자・AI시스템공학과,6.66,75,1.96
강원대학교,전자・AI시스템공학과,6.66,75,1.96
강원대학교,건설융합학부,6.8,40,2.25
강원대학교,건축학전공(5년제),6.8,40,2.25
강원대학교,기계공학과,7.06,58,2.34
강원대학교,소방방재공학전공,5.83,42,5.26
강원대학교,소방방재학부,5.83,42,5.26
강원대학교,재난관리공학전공,5.83,42,5.26
강원대학교,전기공학과,6.12,22,4.59
강원대학교,토목공학전공,6.8,40,2.25
강원대학교,공학대학 무전공학과,7.44,32,1.41
강원대학교,자유전공학부(인문계열),7.36,16,4.44
강원대학교,자유전공학부(자연계열),7.18,16,4.13
강원대학교,자유전공학부(인문계열),7.36,16,4.44
강원대학교,자유전공학부(자연계열),7.18,16,4.13
강원대학교,간호학과,3.05,12,4.67
강원대학교,물리치료학과,2.7,4,12.75
강원대학교,바이오기능성소재학과,7,8,2.88
강원대학교,방사선학과,3.24,4,9.25
강원대학교,식품영양학과,5.32,9,6.44
강원대학교,안경광학과,6.9,17,3.53
강원대학교,응급구조학과,3.1,5,16.8
강원대학교,작업치료학과,4.22,5,24.8
강원대학교,치위생학과,4.7,5,8.4
강원대학교,휴먼스포츠학과,4.76,4,7.75
강원대학교,경제금융전공,7.11,60,2.75
강원대학교,공공행정전공,7.11,60,2.75
강원대학교,관광전공,7.11,60,2.75
강원대학교,글로벌인재학부,7.11,60,2.75
강원대학교,멀티디자인학과,X,X,X
강원대학교,사회복지학과,4.82,6,16.83
강원대학교,생활조형디자인학과,X,X,X
강원대학교,영어전공,7.11,60,2.75
강원대학교,유아교육과,3.68,10,7.9
강원대학교,일본어학과,4.3,6,8.5
건국대학교,건축공학전공,2,8,15.9
건국대학교,건축학부,2,8,15.9
건국대학교,건축학전공,2,8,15.9
건국대학교,경영학과,1.87,15,13.7
건국대학교,기술경영학과,1.92,4,8
건국대학교,생물공학과,1.61,4,11.3
건국대학교,컴퓨터공학부,1.77,10,9
건국대학교,K뷰티산업융합학과,X,X,X
건국대학교,사회환경공학부,2.12,10,11.1
건국대학교,산업공학과,X,X,X
건국대학교,신산업융합학과,X,X,X
건국대학교,전기전자공학부,1.65,11,12.3
건국대학교,공과대학자유전공학부,1.81,100,12.8
건국대학교,기계・로봇・자동차공학부,1.85,16,9.9
건국대학교,재료공학과,1.72,5,15.4
건국대학교,항공우주・모빌리티공학과,2,5,10.2
건국대학교,화공학부,1.68,6,8.5
건국대학교,국제통상학과,X,X,X
건국대학교,문화미디어학과,X,X,X
건국대학교,부동산학과,2,4,7
건국대학교,교육공학과,X,X,X
건국대학교,수학교육과,1.7,5,10.6
건국대학교,영어교육과,1.88,4,14.5
건국대학교,음악교육과,X,X,X
건국대학교,일어교육과,X,X,X
건국대학교,체육교육과,X,X,X
건국대학교,경제학과,2.22,7,7.6
건국대학교,국제무역학과,2.14,4,7.5
건국대학교,응용통계학과,1.76,4,6.8
건국대학교,정치외교학과,X,X,X
건국대학교,행정학과,2,5,7.8
건국대학교,사회과학대학융합전공학부,2.1,50,8.1
건국대학교,KU자유전공학부,X,X,X
건국대학교,동물자원・식품과학・유통학부,1.89,9,10
건국대학교,환경보건・산림조경학부,1.92,5,14.8
건국대학교,생명과학특성학과,X,X,X
건국대학교,식량자원과학과,X,X,X
건국대학교,동물자원전공,1.89,9,10
건국대학교,산림조경전공,1.92,5,14.8
건국대학교,생명과학대학자유전공학부,1.96,34,11.6
건국대학교,식품과학전공,1.89,9,10
건국대학교,식품유통전공,1.89,9,10
건국대학교,환경보건전공,1.92,5,14.8
건국대학교,수의예과,1.19,5,16.6
건국대학교,수의학과,X,X,X
건국대학교,리빙디자인학과,X,X,X
건국대학교,매체연기학과,X,X,X
건국대학교,산업디자인학과,X,X,X
건국대학교,영상학과,X,X,X
건국대학교,의상디자인학과,X,X,X
건국대학교,커뮤니케이션디자인학과,X,X,X
건국대학교,현대미술학과,X,X,X
건국대학교,첨단바이오공학부,1.44,5,13
건국대학교,시스템생명공학과,X,X,X
건국대학교,융합생명공학과,X,X,X
건국대학교,융합과학기술원자유전공학부,1.67,25,9.4
건국대학교,물리학과,1.81,4,9
건국대학교,수학과,2.11,4,6
건국대학교,화학과,X,X,X
건국대학교,이과대학자유전공학부,2,13,10.8
광주과학기술원(GIST),기계로봇공학과,X,X,X
광주과학기술원(GIST),신소재공학과,X,X,X
광주과학기술원(GIST),환경・에너지공학과,X,X,X
광주과학기술원(GIST),도전탐색과정,X,X,X
광주과학기술원(GIST),인문사회과학부,X,X,X
광주과학기술원(GIST),생명과학과,X,X,X
광주과학기술원(GIST),의생명공학과,X,X,X
광주과학기술원(GIST),물리・광과학과,X,X,X
광주과학기술원(GIST),화학과,X,X,X
광주과학기술원(GIST),수리과학과,X,X,X
광주과학기술원(GIST),반도체공학과,X,X,X
광주과학기술원(GIST),전기전자컴퓨터공학과,X,X,X
광주과학기술원(GIST),AI융합학과,X,X,X
경북대학교,전기공학과,3.08,10,12.2
경북대학교,전자공학부,2.43,54,7.3
경북대학교,전자공학부(인공지능전공),3.94,12,8.2
경북대학교,전자공학부모바일공학전공,X,X,X
경북대학교,컴퓨터학부 데이터과학전공,2.71,8,8.3
경북대학교,컴퓨터학부 인공지능컴퓨팅전공,3.58,7,8.6
경북대학교,컴퓨터학부 플랫폼소프트웨어전공,2.71,8,8.3
경북대학교,컴퓨터학부(글로벌소프트웨어융합전공),3.11,16,11.4
경북대학교,"컴퓨터학부(플랫폼소프트웨어전공, 데이터과학전공)",2.71,8,8.3
경북대학교,IT 첨단자율학부,3.97,14,8.4
경북대학교,IT대학 자율학부,4.43,6,9.3
경북대학교,간호학과,2.21,15,8.9
경북대학교,경영학부,2.58,38,11.8
경북대학교,경제통상학부,2.97,22,10.4
경북대학교,경상대학 자율학부,3.26,11,11.2
경북대학교,건축학부(건축공학전공),3.09,4,11.5
경북대학교,건축학부(건축학전공),2.58,4,17.5
경북대학교,고분자공학과,2.6,8,10.5
경북대학교,금속재료공학과,2.86,9,17.8
경북대학교,기계공학부,2.46,23,10.7
경북대학교,기계공학부 기계공학전공,2.46,23,10.7
경북대학교,기계공학부 기계설계학전공,2.46,23,10.7
경북대학교,섬유시스템공학과,3.04,7,8.9
경북대학교,신소재공학과,2.12,4,9.5
경북대학교,에너지공학부,2.77,18,7.8
경북대학교,에너지공학부 신재생에너지전공,2.77,18,7.8
경북대학교,에너지공학부 에너지변환전공,2.77,18,7.8
경북대학교,응용화학과,2.37,11,6.2
경북대학교,토목공학과,3.07,8,8.4
경북대학교,화학공학과,1.89,8,6.4
경북대학교,환경공학과,2.62,5,8.8
경북대학교,공과대학 자율학부,3.04,9,9.8
경북대학교,공학 첨단자율학부,X,X,X
경북대학교,기계공학부 로봇/자동화전공,2.46,23,10.7
경북대학교,건설방재공학과,5.89,20,3.4
경북대학교,나노신소재공학과,5.98,21,3.9
경북대학교,산업기계공학과,5.67,24,3.5
경북대학교,섬유패션디자인학부 섬유공학전공,6.05,19,2.9
경북대학교,섬유패션디자인학부 패션디자인전공,X,X,X
경북대학교,소프트웨어학과,4.26,6,8.5
경북대학교,스마트플랜트공학과,6.86,21,2.6
경북대학교,식품외식산업학과,5.88,33,4.1
경북대학교,에너지화학공학과,5.8,20,3.8
경북대학교,위치정보시스템학과,6.19,21,3.8
경북대학교,자동차공학부,5.56,30,5
경북대학교,자동차공학부 지능형자동차전공,5.56,30,5
경북대학교,자동차공학부 친환경자동차전공,5.56,30,5
경북대학교,정밀기계공학과,5.67,24,3.5
경북대학교,치위생학과,4,16,8.8
경북대학교,환경안전공학과,6.07,21,3.7
경북대학교,농산업학과,X,X,X
경북대학교,농업토목공학과,3.53,9,18.1
경북대학교,바이오섬유소재학과,3.2,14,10.9
경북대학교,산림과학.조경학부 임산공학전공,3.15,18,18.3
경북대학교,산림과학.조경학부 임학전공,3.15,18,18.3
경북대학교,산림과학.조경학부 조경학전공,3.15,18,18.3
경북대학교,"산림과학.조경학부(임학전공,임산공학전공,조경학전공)",3.15,18,18.3
경북대학교,스마트생물산업기계공학과,3.22,11,11.5
경북대학교,식물의학과,3.12,8,9.6
경북대학교,식품공학부,2.77,27,6.6
경북대학교,식품공학부식품생물공학전공,2.77,27,6.6
경북대학교,식품공학부식품소재공학전공,2.77,27,6.6
경북대학교,식품공학부식품응용공학전공,2.77,27,6.6
경북대학교,식품자원경제학과,3.05,9,17.1
경북대학교,원예과학과,4.19,5,8.6
경북대학교,응용생명과학부 식물생명과학전공,2.95,18,17.9
경북대학교,응용생명과학부 환경생명화학전공,2.95,18,17.9
경북대학교,"응용생명과학부(식물생명과학전공, 환경생명화학전공)",2.95,18,17.9
경북대학교,농업생명과학대학 자율학부,3.28,14,14.2
경북대학교,행정학부,2.9,9,9.9
경북대학교,행정학부 공공관리전공,2.9,9,9.9
경북대학교,행정학부 공공정책전공,2.9,9,9.9
경북대학교,자율미래인재학부,6.6,38,3.3
경북대학교,자율전공학부,2.86,80,9.4
경북대학교,가정교육과,X,5,10.8
경북대학교,교육학과,X,X,X
경북대학교,국어교육과,2.79,7,20
경북대학교,물리교육과,3.97,5,11.8
경북대학교,생물교육과,2.88,7,6.6
경북대학교,수학교육과,2.72,9,13.1
경북대학교,역사교육과,2.28,4,13.3
경북대학교,영어교육과,2.46,10,12.6
경북대학교,유럽어교육학부 독어교육전공,3.67,3,10
경북대학교,윤리교육과,2.36,7,9.9
경북대학교,일반사회교육과,2.64,7,19.1
경북대학교,지구과학교육과,3.55,7,8.4
경북대학교,지리교육과,2.78,4,9.3
경북대학교,체육교육과,2.45,3,10.7
경북대학교,화학교육과,4.79,5,6
경북대학교,정보・컴퓨터교육과,3.8,4,8.8
경북대학교,문헌정보학과,3.45,8,8.4
경북대학교,미디어커뮤니케이션학과,2.31,6,12.2
경북대학교,사회복지학부 사회복지거시전공,2.76,11,9.6
경북대학교,사회복지학부 사회복지미시전공,2.76,11,9.6
경북대학교,"사회복지학부(사회복지미시전공, 사회복지거시전공)",2.76,11,9.6
경북대학교,사회학과,2.67,7,10.3
경북대학교,심리학과,2.72,6,14
경북대학교,정치외교학과,2.37,7,10.4
경북대학교,지리학과,2.96,8,13.9
경북대학교,사회과학대학 자율학부,2.66,5,11.6
경북대학교,곤충생명과학과,5.4,20,4.4
경북대학교,관광학과,5.1,19,5.6
경북대학교,동물생명공학과,4.8,16,6.5
경북대학교,말/특수동물학과,4.42,18,7.9
경북대학교,산림생태보호학과,5.44,19,5.2
경북대학교,식물자원학과,5.45,19,5.1
경북대학교,체육학부 건강운동관리전공,5.1,10,6.9
경북대학교,체육학부 체육학전공,5.46,4,4.5
경북대학교,축산학과,5.38,9,8
경북대학교,식품영양학과,2.97,9,7.6
경북대학교,아동학부,3.16,10,9.6
경북대학교,아동학부 아동가족학전공,3.16,10,9.6
경북대학교,아동학부 아동학전공,3.16,10,9.6
경북대학교,의류학과,3.31,9,8.3
경북대학교,수의예과,1.49,20,17.4
경북대학교,수의학과,1.49,X,X
경북대학교,약학과,1.37,8,18
경북대학교,"국악학과(기악전공, 성악전공,이론작곡전공)",X,X,X
경북대학교,디자인학과,X,X,X
경북대학교,"미술학과(한국화전공, 서양화전공, 조소전공, 조형예술이론전공)",X,X,X
경북대학교,"음악학과(성악전공, 피아노전공, 작곡전공, 관현악전공, 이론전공)",X,X,X
경북대학교,의예과,1.06,11,18.45
경북대학교,의학과,1.06,X,X
경북대학교,고고인류학과,3.21,8,13.3
경북대학교,국어국문학과,2.96,5,11.8
경북대학교,노어노문학과,3.24,3,44.7
경북대학교,독어독문학과,3.01,8,13.6
경북대학교,불어불문학과,2.89,6,12.2
경북대학교,사학과,2.91,9,9.6
경북대학교,영어영문학과,2.83,10,9.2
경북대학교,일어일문학과,2.96,7,10.6
경북대학교,중어중문학과,2.84,5,10.6
경북대학교,철학과,3.31,6,11.7
경북대학교,한문학과,3.24,10,13.3
경북대학교,인문대학 자율학부,3.33,6,11.3
경북대학교,물리학과,2.99,8,17.1
경북대학교,생명공학부,2.01,20,6.7
경북대학교,생물학과,2.75,8,6.6
경북대학교,수학과,2.54,4,8
경북대학교,지구시스템과학부 지질학전공,2.92,16,15.6
경북대학교,지구시스템과학부 천문대기과학전공,2.92,16,15.6
경북대학교,지구시스템과학부 해양학전공,2.92,16,15.6
경북대학교,"지구시스템과학부(지질학전공, 천문대기과학전공, 해양학전공)",2.92,16,15.6
경북대학교,통계학과,2.79,7,8
경북대학교,화학과,2.22,7,13.9
경북대학교,자연과학대학 자율학부,2.99,7,8.4
경북대학교,로봇공학과,X,X,X
경북대학교,의생명융합공학과,X,X,X
경북대학교,스마트모빌리티공학과,X,X,X
경북대학교,우주공학부,X,X,X
경북대학교,혁신신약학과,X,X,X
경북대학교,첨단기술융합대학 자율학부1,3.21,32,7.6
경북대학교,첨단기술융합대학 자율학부2,3.63,18,6.1
경북대학교,치의예과,1.24,4,25.8
경북대학교,치의학과,1.24,X,X
경희대학교,간호학과,1.96,14,5.8
경희대학교,간호학과,X,X,X
경희대학교,경영학과,1.82,27,12
경희대학교,빅데이터응용학과,1.45,2,8.5
경희대학교,회계・세무학과,2.19,2,11
경희대학교,신소재공학과,1.58,4,8.3
경희대학교,건축공학과,1.95,4,8.5
경희대학교,건축학과,1.87,2,7
경희대학교,기계공학과,1.65,2,10.5
경희대학교,사회기반시스템공학과,2.08,4,8.8
경희대학교,산업경영공학과,1.77,4,7
경희대학교,원자력공학과,1.67,2,6.5
경희대학교,화학공학과,1.9,2,7.5
경희대학교,환경학및환경공학과,1.64,2,9.5
경희대학교,아시아학과,X,X,X
경희대학교,국제학과,1.88,5,6.8
경희대학교,자율전공학부,1.79,49,11.7
경희대학교,글로벌문화기술융합전공,X,X,X
경희대학교,기타모집단위(국제C),X,X,X
경희대학교,기타모집단위(서울C),X,X,X
경희대학교,무용학부,X,X,X
경희대학교,무용학부(발레),X,X,X
경희대학교,무용학부(한국무용),X,X,X
경희대학교,무용학부(현대무용),X,X,X
경희대학교,자유전공학부,1.81,187,10.1
경희대학교,국어국문학과,1.95,6,6.7
경희대학교,사학과,1.82,5,11.6
경희대학교,영어영문학과,1.88,3,12.7
경희대학교,응용영어통번역학과,2.12,3,10.3
경희대학교,철학과,1.69,3,9.3
경희대학교,미술학부,X,X,X
경희대학교,융합바이오・신소재공학과,1.77,13,7.5
경희대학교,스마트팜과학과,1.95,8,6.1
경희대학교,식품생명공학과,1.92,9,8.4
경희대학교,유전생명공학과,1.65,9,6.6
경희대학교,식품영양학과,1.72,3,8.7
경희대학교,아동가족학과,2.31,6,9.7
경희대학교,의상학과,2.09,4,7.5
경희대학교,주거환경학과,1.93,4,9
경희대학교,컴퓨터공학부 인공지능학과,1.57,2,18.5
경희대학교,컴퓨터공학부 컴퓨터공학과,1.72,2,9
경희대학교,소프트웨어융합학과,1.94,2,8
경희대학교,컴퓨터공학부,X,X,X
경희대학교,약과학과,1.52,6,8.7
경희대학교,약학과(2+4년제),X,X,X
경희대학교,약학과(6년제),1.17,8,19.9
경희대학교,한약학과,1.52,5,9.8
경희대학교,PostModern음악학과,X,X,X
경희대학교,도예학과,1.9,2,7
경희대학교,디지털콘텐츠학과,1.44,1,13
경희대학교,산업디자인학과,1.5,1,7
경희대학교,시각디자인학과,1.5,1,10
경희대학교,연극영화학과,X,X,X
경희대학교,의류디자인학과,2.7,1,9
경희대학교,환경조경디자인학과,X,1,7
경희대학교,글로벌커뮤니케이션학부,2.05,2,7
경희대학교,러시아어학과,2.2,2,7.5
경희대학교,스페인어학과,1.97,2,9.5
경희대학교,일본어학과,1.96,2,11
경희대학교,중국어학과,2.15,2,30
경희대학교,프랑스어학과,2.04,2,6.5
경희대학교,한국어학과,3.76,3,4
경희대학교,기악과,X,X,X
경희대학교,성악과,X,X,X
경희대학교,작곡과,X,X,X
경희대학교,우주과학과,2,2,7
경희대학교,응용물리학과,1.87,3,9.7
경희대학교,응용수학과,1.79,3,5.7
경희대학교,응용화학과,1.67,4,7.5
경희대학교,의예과(자연계열),X,X,X
경희대학교,의학과,1,22,6.9
경희대학교,물리학과,1.8,3,8.7
경희대학교,생물학과,1.52,10,8.9
경희대학교,수학과,1.68,6,6
경희대학교,지리학과,2,4,9.5
경희대학교,지리학과(자연계열),2,3,10.7
경희대학교,화학과,1.52,8,7.3
경희대학교,미래정보디스플레이학부,1.57,7,7.1
경희대학교,생체의공학과,1.75,2,9.5
경희대학교,전자정보공학부 반도체공학과,X,X,X
경희대학교,전자정보공학부 전자공학과,1.63,2,7.5
경희대학교,경제학과,1.84,12,9.3
경희대학교,국제통상・금융투자학부,X,X,X
경희대학교,무역학과,1.89,12,10.8
경희대학교,미디어학과,2.77,12,7.6
경희대학교,사회학과,1.86,8,8.4
경희대학교,정치외교학과,1.76,5,11.2
경희대학교,행정학과,1.83,11,9.3
경희대학교,골프산업학과,4.75,1,3
경희대학교,스포츠의학과,1.5,2,7
경희대학교,스포츠지도학과,3.36,1,7
경희대학교,체육학과,1.3,5,6
경희대학교,태권도학과,2.1,1,12
경희대학교,치의예과(자연계열),X,X,X
경희대학교,치의학과,1.27,16,12.3
경희대학교,한의예과(자연계열),X,X,X
경희대학교,한의학과,1.42,8,15.4
경희대학교,Hospitality경영학과,1.04,3,12
경희대학교,관광・엔터테인먼트학부,2.04,13,6.5
경희대학교,글로벌Hospitality・관광학과,1.84,7,7.7
경희대학교,문화관광산업학과,X,X,X
경희대학교,조리&푸드디자인학과,X,X,X
경희대학교,조리산업학과,3.6,3,7
경희대학교,교양과정(국제),X,X,X
경희대학교,교양과정(서울),X,X,X
고려대학교,간호학과,1.72,9,12.33
고려대학교,경영학과,1.22,82,11.23
고려대학교,공과대학,X,X,X
고려대학교,건축사회환경공학부,1.56,16,13.56
고려대학교,건축학과,1.53,7,13
고려대학교,기계공학부,1.46,25,10.4
고려대학교,반도체공학과,1.22,10,11.4
고려대학교,산업경영공학부,1.35,10,10.3
고려대학교,신소재공학부,1.32,30,10.97
고려대학교,융합에너지공학과,1.32,7,15.14
고려대학교,전기전자공학부,1.31,45,10.04
고려대학교,차세대통신학과,1.37,10,11.7
고려대학교,화공생명공학과,1.25,19,12.53
고려대학교,국제학부,1.53,5,17.6
고려대학교,글로벌자율학부,X,X,X
고려대학교,글로벌한국융합학부,X,X,X
고려대학교,디자인조형학부,X,X,X
고려대학교,국어국문학과,1.46,10,10
고려대학교,노어노문학과,1.55,7,8.86
고려대학교,독어독문학과,1.62,6,9.83
고려대학교,불어불문학과,1.63,7,11.14
고려대학교,사학과,1.53,9,8.22
고려대학교,사회학과,1.31,15,11.07
고려대학교,서어서문학과,1.46,9,9
고려대학교,언어학과,1.45,5,11.6
고려대학교,영어영문학과,1.41,21,8.86
고려대학교,일어일문학과,1.6,7,8.86
고려대학교,중어중문학과,1.51,10,11.7
고려대학교,철학과,1.45,9,10
고려대학교,한국사학과,1.54,5,8.8
고려대학교,한문학과,1.62,5,10
고려대학교,미디어학부,1.34,13,12.85
고려대학교,글로벌엔터테인먼트학부,X,X,X
고려대학교,바이오시스템의과학부,1.43,13,14.31
고려대학교,바이오의공학부,1.44,13,15.69
고려대학교,보건정책관리학부,1.48,14,10.71
고려대학교,보건환경융합과학부,1.47,22,14.14
고려대학교,가정교육과,1.56,7,11
고려대학교,교육학과,1.36,11,9.45
고려대학교,국어교육과,1.32,10,10.2
고려대학교,수학교육과,1.3,7,11.57
고려대학교,역사교육과,1.35,7,11.57
고려대학교,영어교육과,1.36,12,8.42
고려대학교,지리교육과,1.46,8,10.63
고려대학교,체육교육과,1.39,10,14.5
고려대학교,생명공학부,1.27,21,14.38
고려대학교,생명과학부,1.26,18,13.61
고려대학교,식품공학과,1.38,10,11.8
고려대학교,식품자원경제학과,1.41,11,10
고려대학교,환경생태공학부,1.39,14,16.43
고려대학교,스마트모빌리티학부,1.28,20,8.9
고려대학교,사이버국방학과,X,X,X
고려대학교,스마트보안학부,1.39,10,12.2
고려대학교,심리학부,1.36,10,10.2
고려대학교,의예과,1.06,18,23.44
고려대학교,의학과,X,X,X
고려대학교,물리학과,1.43,10,11.2
고려대학교,수학과,1.44,10,12.3
고려대학교,지구환경과학과,1.51,8,12.75
고려대학교,화학과,1.37,10,11.6
고려대학교,자유전공학부,1.37,18,12.83
고려대학교,경제학과,1.3,27,9.04
고려대학교,정경대학,X,X,X
고려대학교,정치외교학과,1.33,15,11.47
고려대학교,통계학과,1.31,14,9.79
고려대학교,행정학과,1.3,14,10
고려대학교,데이터과학과,1.4,10,13.3
고려대학교,컴퓨터학과,1.28,26,13.31
고려대학교,인공지능학과,X,X,X
고려대학교,학부대학,X,X,X
국민대학교,건축학부,2.22,13,10.69
국민대학교,건축설계전공,2.22,13,10.69
국민대학교,건축시스템전공,2.22,13,10.69
국민대학교,경제학과,2.18,15,7.2
국민대학교,국제통상학과,2.25,17,6.88
국민대학교,경영학부,2.12,46,6.78
국민대학교,AI빅데이터융합경영학과,2.07,10,11.2
국민대학교,경영정보전공,2.11,16,6.5
국민대학교,경영정보학부,2.11,16,6.5
국민대학교,경영학전공,2.12,46,6.78
국민대학교,글로벌경영전공,X,X,X
국민대학교,기업경영전공,X,X,X
국민대학교,기업경영학부,X,X,X
국민대학교,재무금융전공,2.12,46,6.78
국민대학교,회계학전공,2.12,46,6.78
국민대학교,회계세무학과,X,X,X
국민대학교,나노소재전공,2.14,14,8.21
국민대학교,나노전자물리학과,2.16,10,11.2
국민대학교,바이오발효융합학과,2.15,11,9.09
국민대학교,바이오의약전공,2.01,11,9.55
국민대학교,산림환경시스템학과,2.25,12,11.08
국민대학교,식품영양학과,2.14,11,7.91
국민대학교,응용화학부,2.14,14,8.21
국민대학교,임산생명공학과,2.26,11,11.27
국민대학교,정보보안암호수학과,2.25,11,10.82
국민대학교,국어국문학전공,2.19,14,8.07
국민대학교,글로벌커뮤니케이션영어전공,2.08,22,8.18
국민대학교,글로벌한국어전공,2.19,14,8.07
국민대학교,영미어문전공,2.08,22,8.18
국민대학교,영어영문학부,2.08,22,8.18
국민대학교,중국어문전공,2.26,17,6.82
국민대학교,중국정경전공,2.26,17,6.82
국민대학교,중국학부,2.26,17,6.82
국민대학교,한국어문학부,2.19,14,8.07
국민대학교,한국역사학과,2.13,10,14.2
국민대학교,법학부,2.2,44,6.25
국민대학교,공법학전공,2.2,44,6.25
국민대학교,기업융합법학과,X,X,X
국민대학교,사법학전공,2.2,44,6.25
국민대학교,광고홍보학전공,1.96,10,10.4
국민대학교,교육학과,1.91,7,8.57
국민대학교,러시아・유라시아학과,2.38,10,7.1
국민대학교,미디어·광고학부,1.96,10,10.4
국민대학교,미디어전공,1.96,10,10.4
국민대학교,사회학과,2.13,10,10.8
국민대학교,일본학과,2.33,10,10
국민대학교,정치외교학과,2.02,10,9
국민대학교,행정학과,2.11,15,8.27
국민대학교,소프트웨어전공,1.92,25,11.16
국민대학교,소프트웨어학부,1.92,25,11.16
국민대학교,인공지능전공,1.91,11,11
국민대학교,인공지능학부,1.91,11,11
국민대학교,공연예술학부,X,X,X
국민대학교,관현악전공,X,X,X
국민대학교,무용전공,X,X,X
국민대학교,미술학부,X,X,X
국민대학교,성악전공,X,X,X
국민대학교,연극전공,X,X,X
국민대학교,영화전공,X,X,X
국민대학교,음악학부,X,X,X
국민대학교,입체미술전공,X,X,X
국민대학교,작곡전공,X,X,X
국민대학교,피아노전공,X,X,X
국민대학교,회화전공,X,X,X
국민대학교,미래모빌리티학과,1.81,10,13.9
국민대학교,자동차IT융합학과,2.01,12,10.5
국민대학교,자동차공학과,1.86,14,11
국민대학교,자동차융합대학,X,X,X
국민대학교,AI디자인학과,X,X,X
국민대학교,공간디자인학과,X,X,X
국민대학교,공업디자인학과,X,X,X
국민대학교,금속공예학과,X,X,X
국민대학교,도자공예학과,X,X,X
국민대학교,시각디자인학과,X,X,X
국민대학교,영상디자인학과,X,X,X
국민대학교,의상디자인학과,X,X,X
국민대학교,자동차•운송디자인학과,X,X,X
국민대학교,지능형ICT융합전공,2.28,8,13.5
국민대학교,건설시스템공학부,2.3,14,10.21
국민대학교,건설시스템공학전공,2.3,14,10.21
국민대학교,기계공학부,2.11,22,12.36
국민대학교,기계공학전공,2.11,22,12.36
국민대학교,기계금속재료전공,2.11,22,12.36
국민대학교,신소재공학부,2.09,20,10.8
국민대학교,전자공학부,2.04,35,11.23
국민대학교,전자화학재료전공,2.01,11,9.55
국민대학교,지능전자공학전공,2.04,35,11.23
국민대학교,지능형반도체융합전자전공,2.14,15,12
국민대학교,스포츠건강재활학과,X,X,X
국민대학교,스포츠교육학과,X,X,X
국민대학교,스포츠산업레저학과,X,X,X
단국대학교,SW융합학부,X,X,X
단국대학교,SW융합학부 SW융합경제경영전공,X,X,X
단국대학교,SW융합학부 SW융합바이오전공,X,X,X
단국대학교,SW융합학부 SW융합법학전공,X,X,X
단국대학교,SW융합학부 SW융합콘텐츠전공,X,X,X
단국대학교,SW융합학부 글로벌SW융합전공,X,X,X
단국대학교,사이버보안학과,2.34,4,9.25
단국대학교,소프트웨어학과,2.21,8,6.88
단국대학교,컴퓨터공학과,3.3,6,6.67
단국대학교,통계데이터사이언스학과,2.35,5,8
단국대학교,경영학부,2.17,12,18.75
단국대학교,경영학부 경영학전공,2.17,12,18.75
단국대학교,경영학부 회계학전공,2.17,12,18.75
단국대학교,경제학과,2.36,4,10.75
단국대학교,국제학부 국제경영학전공,X,X,X
단국대학교,무역학과,2.47,5,9
단국대학교,산업경영학과,X,X,X
단국대학교,건축학부,2.39,5,13.8
단국대학교,건축학부 건축공학전공,2.39,5,13.8
단국대학교,건축학부 건축학전공,2.56,7,7.57
단국대학교,고분자공학전공,2.16,6,8.5
단국대학교,고분자시스템공학부,2.16,6,8.5
단국대학교,고분자시스템공학부 고분자공학전공,2.16,6,8.5
단국대학교,고분자시스템공학부 파이버융합소재공학전공,2.34,6,12.83
단국대학교,기계공학과,2.42,8,9.13
단국대학교,융합반도체공학과,2.33,6,11.5
단국대학교,융합시스템공학전공,X,X,X
단국대학교,전자전기공학과,2.25,8,10.13
단국대학교,토목환경공학과,2.56,8,11.5
단국대학교,화학공학과,2.21,10,13.2
단국대학교,국어국문학과,2.58,4,11
단국대학교,사학과,2.66,4,8.75
단국대학교,영미인문학과,2.23,4,8
단국대학교,철학과,2.24,3,11.67
단국대학교,법학과,2.33,7,9.86
단국대학교,과학교육과,2.12,7,10.29
단국대학교,교직교육과,X,X,X
단국대학교,수학교육과,2.1,4,7.75
단국대학교,체육교육과,3.73,10,42.5
단국대학교,특수교육과,2.55,6,8.33
단국대학교,한문교육과,2.43,4,9
단국대학교,광고홍보전공,X,X,X
단국대학교,도시계획부동산학부,2.68,5,9.4
단국대학교,도시지역계획학전공,2.68,5,9.4
단국대학교,미디어커뮤니케이션학부,2.93,4,9
단국대학교,부동산학전공,2.68,5,9.4
단국대학교,상담학과,2.49,3,8.67
단국대학교,영상콘텐츠전공,X,X,X
단국대학교,저널리즘전공,X,X,X
단국대학교,정치외교학과,2.62,4,9.75
단국대학교,행정학과,2.73,4,23.5
단국대학교,공연영화학부,X,X,X
단국대학교,공연영화학부 뮤지컬전공,X,X,X
단국대학교,공연영화학부 연극전공,X,X,X
단국대학교,공연영화학부 영화전공,X,X,X
단국대학교,도예과,X,X,X
단국대학교,디자인학부,X,X,X
단국대학교,디자인학부 커뮤니케이션디자인전공,X,X,X
단국대학교,디자인학부 패션산업디자인전공,X,X,X
단국대학교,무용과,X,X,X
단국대학교,음악학부,X,X,X
단국대학교,음악학부 관현악전공,X,X,X
단국대학교,음악학부 국악전공,X,X,X
단국대학교,음악학부 성악전공,X,X,X
단국대학교,음악학부 작곡전공,X,X,X
단국대학교,음악학부 피아노전공,X,X,X
단국대학교,글로벌기초교육학부,X,X,X
단국대학교,바이오소재융합공학과,X,X,X
단국대학교,연기영상예술학과,X,X,X
단국대학교,한국학과,X,X,X
단국대학교,국제경영학과,X,X,X
단국대학교,모바일시스템공학과,X,X,X
단국대학교,첨단인재융합학부,X,X,X
단국대학교,미래사회혁신인재융합학부,X,X,X
동국대학교,경영정보학과,2.24,7,14.57
동국대학교,경영학과,2.35,10,24.9
동국대학교,회계학과,2.35,7,9.86
동국대학교,경찰행정학부,1.87,6,14.67
동국대학교,건축학전공,2.28,8,9.63
동국대학교,건설환경공학과,2.4,8,9.13
동국대학교,건축공학부,2.28,8,9.63
동국대학교,건축공학전공,2.28,8,9.63
동국대학교,기계로봇에너지공학과,2.24,11,13.91
동국대학교,산업시스템공학과,2.07,8,11.25
동국대학교,에너지신소재공학과,2.03,5,15.2
동국대학교,전자전기공학부,2.22,13,15.38
동국대학교,정보통신공학과,2.07,7,16.71
동국대학교,화공생물공학과,1.77,9,20.67
동국대학교,국어국문문예창작학부,2.36,3,10.67
동국대학교,국어국문학전공,2.36,3,10.67
동국대학교,문예창작학전공,2.36,3,10.67
동국대학교,사학과,2.01,4,13.75
동국대학교,영어영문학부,2.18,7,9.29
동국대학교,영어영문학부 영어문학전공,2.18,7,9.29
동국대학교,영어영문학부 영어통번역학전공,2.18,7,9.29
동국대학교,일본학과,2.44,3,7.67
동국대학교,중어중문학과,2.53,5,9.6
동국대학교,철학과,2.35,2,17.5
동국대학교,뉴미디어한국어문화전공,X,X,X
동국대학교,글로벌무역학과,X,X,X
동국대학교,사회복지상담학과,X,X,X
동국대학교,융합보안학과,X,X,X
동국대학교,바이오환경과학과,2.05,7,15.86
동국대학교,생명과학과,1.93,7,16.14
동국대학교,식품생명공학과,2.38,7,19.43
동국대학교,의생명공학과,2.03,5,9.4
동국대학교,바이오시스템대학(광역화 모집단위),1.95,9,15.33
동국대학교,법학과,2.02,8,12.25
동국대학교,문화유산학과,2.23,3,6
동국대학교,불교학부,3.13,3,6
동국대학교,가정교육과,2.25,7,11.71
동국대학교,교육학과,1.98,4,16.25
동국대학교,국어교육과,2.16,6,13.83
동국대학교,수학교육과,2.02,4,9.5
동국대학교,역사교육과,2.13,7,8.57
동국대학교,지리교육과,2.51,7,9.71
동국대학교,체육교육과,X,X,X
동국대학교,경제학과,2.12,8,12.75
동국대학교,광고홍보학과,2.24,6,14.83
동국대학교,국제통상학과,2.33,6,13.67
동국대학교,사회복지학과,2.1,3,8
동국대학교,사회언론정보학부 미디어커뮤니케이션학전공,1.93,6,18.83
동국대학교,사회언론정보학부 사회학전공,2.28,4,10.75
동국대학교,식품산업관리학과,2.21,3,8
동국대학교,정치행정학부 북한학 전공,2.69,3,8.33
동국대학교,정치행정학부 정치외교학 전공,2.11,5,10.6
동국대학교,정치행정학부 행정학전공,2.15,5,9.6
동국대학교,약학과,1.14,4,39.5
동국대학교,뮤지컬전공,X,X,X
동국대학교,미술학부,X,X,X
동국대학교,불교미술전공,X,X,X
동국대학교,서양화전공,X,X,X
동국대학교,스포츠문화학과,X,X,X
동국대학교,연극전공,X,X,X
동국대학교,연극학부,X,X,X
동국대학교,영화영상학과,1.68,3,14.33
동국대학교,조소전공,X,X,X
동국대학교,한국음악과,X,X,X
동국대학교,한국화전공,X,X,X
동국대학교,물리학과,2.65,3,14.67
동국대학교,물리학전공,2.65,3,14.67
동국대학교,반도체과학전공,2.11,6,14.33
동국대학교,수학과,2.33,4,15.25
동국대학교,통계학과,2.33,4,12
동국대학교,화학과,2.05,4,18.75
동국대학교,지능IoT,X,X,X
동국대학교,시스템반도체학부,2.11,6,14.33
동국대학교,컴퓨터・AI학부,2,9,14.11
대구과학기술원(DGIST),교양학부,X,X,X
대구과학기술원(DGIST),기초학부,X,X,X
대구과학기술원(DGIST),반도체공학과,X,X,X
부산대학교,간호학과,1.96,19,10.58
부산대학교,경영학과,2.09,81,10.37
부산대학교,경제학부,2.21,33,11.21
부산대학교,공공정책학부,2.38,20,12
부산대학교,관광컨벤션학과,2.4,12,14.25
부산대학교,국제학부,2.32,6,13
부산대학교,무역학부,2.38,21,14.43
부산대학교,한국·동아시아학전공,3.01,6,7.33
부산대학교,화공생명공학과,1.71,19,14.89
부산대학교,환경공학과,1.71,19,14.89
부산대학교,건축공학과,2.27,12,10.42
부산대학교,건축학과(5년제),1.91,12,16.5
부산대학교,고분자공학과,2.16,15,11.07
부산대학교,기계공학부,2.08,83,8.04
부산대학교,도시공학과,2.32,9,11
부산대학교,발전공학과,X,X,X
부산대학교,사회기반시스템공학과,2.39,24,11.17
부산대학교,산업공학과,2.11,12,10.42
부산대학교,유기소재시스템공학과,2.42,12,9.08
부산대학교,재료공학부,2.14,39,9.51
부산대학교,전기전자공학부 반도체공학전공,1.86,60,9.77
부산대학교,전기전자공학부 전기공학전공,1.86,60,9.77
부산대학교,전기전자공학부 전자공학전공,1.86,60,9.77
부산대학교,조선·해양공학과,2.37,16,11
부산대학교,조선・해양공학과,2.37,16,11
부산대학교,항공우주공학과,2.04,10,11.7
부산대학교,화공생명.환경공학부,1.71,19,14.89
부산대학교,광메카트로닉스공학과,2.62,17,8.88
부산대학교,나노메카트로닉스공학과,2.83,15,8.4
부산대학교,나노에너지공학과,2.64,15,8.6
부산대학교,교육학과,1.93,6,11.83
부산대학교,국어교육과,1.77,8,10.13
부산대학교,독어교육과,2.33,6,8.83
부산대학교,물리교육과,2.08,6,10.33
부산대학교,불어교육과,2.48,6,7.67
부산대학교,생물교육과,1.62,6,12.33
부산대학교,수학교육과,1.6,9,14.11
부산대학교,역사교육과,1.71,6,11.33
부산대학교,영어교육과,1.82,10,10.6
부산대학교,유아교육과,1.91,6,13
부산대학교,윤리교육과,2.05,6,9.17
부산대학교,일반사회교육과,1.79,6,17
부산대학교,지구과학교육과,1.95,6,11.17
부산대학교,지리교육과,2.04,6,10.17
부산대학교,체육교육과,2.18,6,21
부산대학교,특수교육과,2.01,10,10.2
부산대학교,화학교육과,1.86,6,10.83
부산대학교,문헌정보학과,2.21,9,11
부산대학교,미디어커뮤니케이션학과,2,12,13.33
부산대학교,사회복지학과,2.18,9,10.78
부산대학교,사회학과,2.2,11,11
부산대학교,심리학과,1.92,11,10.45
부산대학교,정치외교학과,2.25,12,10.17
부산대학교,행정학과,2.06,17,9.71
부산대학교,IT응용공학과,2.97,12,8.17
부산대학교,동물생명자원과학과,3.01,15,8.27
부산대학교,바이오산업기계공학과,3.09,14,8.29
부산대학교,바이오소재과학과,3.18,14,9.07
부산대학교,바이오환경에너지학과,3,15,9.53
부산대학교,생명환경화학과,2.88,14,9
부산대학교,식물생명과학과,2.92,16,9
부산대학교,식품공학과,2.74,15,8.47
부산대학교,식품자원경제학과,2.98,16,7.94
부산대학교,원예생명과학과,2.95,16,9.25
부산대학교,조경학과,2.89,13,11.77
부산대학교,스포츠과학과,2.62,8,13.5
부산대학교,식품영양학과,2.43,12,10.92
부산대학교,실내환경디자인학과,2.38,9,14.11
부산대학교,아동가족학과,2.49,10,12.3
부산대학교,의류학과,2.53,12,11.25
부산대학교,약학부(통합6년제),1.16,15,18.07
부산대학교,약학전공(통합6년제),1.16,15,18.07
부산대학교,제약학전공(통합6년제),1.16,15,18.07
부산대학교,디자인학과,X,X,X
부산대학교,무용학과,X,X,X
부산대학교,무용학과 발레전공,X,X,X
부산대학교,무용학과 한국무용전공,X,X,X
부산대학교,무용학과 현대무용전공,X,X,X
부산대학교,미술학과,X,X,X
부산대학교,예술문화영상학과,X,X,X
부산대학교,음악학과,X,X,X
부산대학교,음악학과 관현악전공,X,X,X
부산대학교,음악학과 성악전공,X,X,X
부산대학교,음악학과 작곡전공,X,X,X
부산대학교,음악학과 피아노전공,X,X,X
부산대학교,조형학과,X,X,X
부산대학교,조형학과 가구목조형전공,X,X,X
부산대학교,조형학과 도예전공,X,X,X
부산대학교,조형학과 섬유금속전공,X,X,X
부산대학교,한국음악학과,X,X,X
부산대학교,한국음악학과 관악・타악전공,X,X,X
부산대학교,한국음악학과 이론・작곡전공,X,X,X
부산대학교,한국음악학과 현악・성악전공,X,X,X
부산대학교,디자인학과(디자인앤테크놀로지전공),X,X,X
부산대학교,디자인학과(시각디자인전공),X,X,X
부산대학교,디자인학과(애니메이션전공),X,X,X
부산대학교,서양화전공,X,X,X
부산대학교,조소전공,X,X,X
부산대학교,한국화전공,X,X,X
부산대학교,의예과,1.1,20,13.4
부산대학교,의학과,1.1,20,13.4
부산대학교,고고학과,2.67,8,10.38
부산대학교,국어국문학과,2.43,19,8.26
부산대학교,노어노문학과,2.63,12,10.17
부산대학교,독어독문학과,2.66,14,8.86
부산대학교,불어불문학과,2.71,14,8
부산대학교,사학과,2.21,12,12.33
부산대학교,언어정보학과,2.46,12,11.17
부산대학교,영어영문학과,2.27,26,9.12
부산대학교,일어일문학과,2.55,17,9.88
부산대학교,중어중문학과,2.5,17,10.12
부산대학교,철학과,2.54,12,10.92
부산대학교,한문학과,2.78,10,7.7
부산대학교,대기환경과학과,2.45,10,14.6
부산대학교,물리학과,2.43,17,11.24
부산대학교,미생물학과,2.16,12,10.25
부산대학교,분자생물학과,2.14,12,10.83
부산대학교,생명과학과,2.01,15,11.6
부산대학교,수학과,2.1,15,9.07
부산대학교,지질환경과학과,2.56,14,12.21
부산대학교,통계학과,2.11,14,12.57
부산대학교,해양학과,2.44,11,14.82
부산대학교,화학과,2.02,18,13.44
부산대학교,데이터사이언스전공,2.19,14,11.57
부산대학교,의생명공학전공,2.19,14,11.57
부산대학교,의생명융합공학부,2.19,14,11.57
부산대학교,정보컴퓨터공학부,1.94,31,13.61
부산대학교,정보컴퓨터공학부 인공지능전공,1.94,31,13.61
부산대학교,정보컴퓨터공학부 컴퓨터공학전공,1.94,31,13.61
부산대학교,첨단융합학부(정보의생명공학자율전공),X,X,X
부산대학교,글로벌자유전공학부,2.34,14,14.64
부산대학교,첨단융합학부(공학자율전공),X,X,X
부산대학교,첨단융합학부(나노자율전공),X,X,X
국립부경대학교,경영학부,3,61,5.72
국립부경대학교,경영학전공,3,61,5.72
국립부경대학교,관광경영학전공,X,X,X
국립부경대학교,국제경영학전공,X,X,X
국립부경대학교,국제무역물류학전공,X,X,X
국립부경대학교,국제통상학부,3,39,5.31
국립부경대학교,국제통상학전공,3,39,5.31
국립부경대학교,스마트국제물류융합전공,X,X,X
국립부경대학교,스마트항만물류융합전공,X,X,X
국립부경대학교,회계재무학전공,X,X,X
국립부경대학교,경영대학자유전공학부,X,X,X
국립부경대학교,고분자・화학소재공학부,3,41,3.49
국립부경대학교,에너지화학소재공학전공,3,41,3.49
국립부경대학교,건축공학과,3,15,5.6
국립부경대학교,고분자공학전공,3,41,3.49
국립부경대학교,금속공학전공,X,X,X
국립부경대학교,기계공학부,3,71,4.11
국립부경대학교,기계공학전공,3,71,4.11
국립부경대학교,기계설계공학전공,3,71,4.11
국립부경대학교,기계시스템공학전공,3,71,4.11
국립부경대학교,기술・데이터공학전공,X,X,X
국립부경대학교,나노융합공학전공,4,48,4.21
국립부경대학교,나노융합반도체공학부,4,48,4.21
국립부경대학교,냉동공조공학전공,X,X,X
국립부경대학교,디스플레이반도체공학전공,4,48,4.21
국립부경대학교,미래형자동차융합전공,X,X,X
국립부경대학교,산업경영공학전공,4,43,4.21
국립부경대학교,생태공학전공,3,12,6.25
국립부경대학교,소방공학과,4,15,4.73
국립부경대학교,스마트해양모빌리티융합전공,X,X,X
국립부경대학교,시스템경영・안전공학부,4,43,4.21
국립부경대학교,신소재시스템공학전공,X,X,X
국립부경대학교,안전공학전공,4,43,4.21
국립부경대학교,에너지수송시스템공학부,X,44,3.57
국립부경대학교,에너지융복합기술공학융합전공,X,X,X
국립부경대학교,융합소재공학부,X,X,X
국립부경대학교,이차전지융합전공,X,X,X
국립부경대학교,재료공학전공,X,X,X
국립부경대학교,전기공학부,X,46,5.24
국립부경대학교,전기공학전공,X,46,5.24
국립부경대학교,제어계측공학전공,X,35,5.51
국립부경대학교,조선해양시스템공학전공,X,26,5.77
국립부경대학교,지능형로봇융합전공,X,X,X
국립부경대학교,지속가능공학부,X,X,X
국립부경대학교,차세대반도체공학전공,X,X,X
국립부경대학교,클린에너지융합전공,X,X,X
국립부경대학교,토목공학전공,X,35,5.26
국립부경대학교,화학공학과,X,28,3.82
국립부경대학교,고신뢰성반도체소재융합전공,X,X,X
국립부경대학교,고신뢰성인공지능반도체융합전공,X,X,X
국립부경대학교,고신뢰성파워반도체융합전공,X,X,X
국립부경대학교,공과대학자유전공학부,X,X,X
국립부경대학교,글로벌블루수산융합전공,X,X,X
국립부경대학교,블루푸드테크 융합전공,X,X,X
국립부경대학교,생물공학과,4,16,3.63
국립부경대학교,수산생명과학부,4,32,4.88
국립부경대학교,수산생명의학과,2,11,8.82
국립부경대학교,수해양산업교육과,X,13,4.62
국립부경대학교,수해양산업교육과 기관공학전공,X,13,4.62
국립부경대학교,수해양산업교육과 냉동공학전공,X,13,4.62
국립부경대학교,수해양산업교육과 식품공학전공,X,13,4.62
국립부경대학교,수해양산업교육과 양식공학전공,X,13,4.62
국립부경대학교,수해양산업교육과 어업공학전공,X,13,4.62
국립부경대학교,수해양산업교육과 항해공학전공,X,13,4.62
국립부경대학교,식품공학전공,4,30,4.53
국립부경대학교,식품과학부,4,30,4.53
국립부경대학교,식품영양학전공,X,16,4.63
국립부경대학교,양식응용생명과학전공,X,18,4.39
국립부경대학교,자원생물학전공,X,18,4.5
국립부경대학교,자원환경경제학전공,4,31,5.29
국립부경대학교,해양경찰학전공,X,16,12
국립부경대학교,해양생산시스템관리학부,X,16,5.13
국립부경대학교,해양생산학전공,X,16,5.13
국립부경대학교,해양수산경영경제학부,4,31,5.29
국립부경대학교,해양수산경영학전공,4,31,5.29
국립부경대학교,수산과학대학자유전공학부,X,X,X
국립부경대학교,영어문화・산업전공,3,25,5.12
국립부경대학교,경제학과,4,30,4.8
국립부경대학교,국어국문학과,3,11,6.73
국립부경대학교,국제개발협력학전공,4,28,5.21
국립부경대학교,국제지역학부,4,28,5.21
국립부경대학교,국제학전공,4,28,5.21
국립부경대학교,글로벌도시학융합전공,X,X,X
국립부경대학교,글로벌외국어융합전공,X,X,X
국립부경대학교,법학과,4,21,5.71
국립부경대학교,사학과,3,11,13.18
국립부경대학교,"사회계열(법학과,중국학과,정치외교학과)",3,15,9.4
국립부경대학교,사회복지융합전공,3,25,6.08
국립부경대학교,사회복지학전공,3,25,6.08
국립부경대학교,영어영문학부,3,25,5.12
국립부경대학교,영어영문학전공,3,25,5.12
국립부경대학교,유아교육과,X,11,3.91
국립부경대학교,일본어문학전공,4,25,8.4
국립부경대학교,일본학전공,4,25,8.4
국립부경대학교,일어일문학부,4,25,8.4
국립부경대학교,정치외교학과,3,7,6.86
국립부경대학교,중국학과,3,8,13.25
국립부경대학교,크리에이티브융합전공,X,X,X
국립부경대학교,패션디자인학과,X,11,4.64
국립부경대학교,행정복지학부,3,25,6.08
국립부경대학교,행정학전공,3,25,6.08
국립부경대학교,아시아경제학생설계전공,X,X,X
국립부경대학교,인문사회과학대학자유전공학부,X,X,X
국립부경대학교,간호학과,3,19,10.53
국립부경대학교,과학컴퓨팅학과,4,9,5.44
국립부경대학교,물리학과,4,17,7.29
국립부경대학교,미생물학과,4,14,4
국립부경대학교,응용수학과,X,14,15
국립부경대학교,화학과,X,21,4.43
국립부경대학교,자연과학대학자유전공학부,X,X,X
국립부경대학교,건축학전공(5년),3,20,5.25
국립부경대학교,공업디자인전공,X,X,X
국립부경대학교,데이터비즈니스융합전공,X,X,X
국립부경대학교,데이터사이언스융합전공,3,23,4
국립부경대학교,데이터정보과학부,3,23,4
국립부경대학교,디지털금융학과,4,12,6.42
국립부경대학교,마린시스템융합디자인공학융합전공,X,X,X
국립부경대학교,미디어커뮤니케이션학부,3,23,5.7
국립부경대학교,빅데이터융합전공,3,23,4
국립부경대학교,스마트모빌리티공학과,4,18,5
국립부경대학교,스마트헬스케어학부,X,42,4.05
국립부경대학교,시각디자인전공,X,X,X
국립부경대학교,언론정보전공,3,23,5.7
국립부경대학교,의공학IT융합전공,X,42,4.05
국립부경대학교,의공학전공,X,42,4.05
국립부경대학교,인공지능전공,X,35,5.71
국립부경대학교,전자공학전공,X,48,5.38
국립부경대학교,전자정보통신공학부,X,48,5.38
국립부경대학교,정보통신공학전공,X,48,5.38
국립부경대학교,조형학부,X,X,X
국립부경대학교,컴퓨터・인공지능공학부,X,35,5.71
국립부경대학교,컴퓨터공학전공,X,35,5.71
국립부경대학교,통계・데이터사이언스전공,3,23,4
국립부경대학교,해양스포츠전공,X,X,X
국립부경대학교,휴먼ICT융합전공,X,X,X
국립부경대학교,휴먼바이오융합전공,X,X,X
국립부경대학교,인공지능・소프트웨어융합전공,X,X,X
국립부경대학교,정보융합대학자유전공학부,X,X,X
국립부경대학교,에너지자원공학과,X,13,4.46
국립부경대학교,위성정보융합공학전공,X,21,6
국립부경대학교,지구환경시스템과학부,X,21,6
국립부경대학교,해양공학과,X,21,6
국립부경대학교,해양학전공,X,17,5.06
국립부경대학교,해양환경사회기반공학융합전공,X,X,X
국립부경대학교,환경공학전공,X,26,5.54
국립부경대학교,환경대기과학전공,X,17,5.82
국립부경대학교,환경지질과학전공,X,13,5.46
국립부경대학교,환경・해양대학자유전공학부,X,X,X
서강대학교,경영학부(경영학전공),1.56,47,10.45
서강대학교,경제학과,1.54,27,9
서강대학교,기계공학과,1.58,10,11.2
서강대학교,시스템반도체공학과,1.51,3,14.33
서강대학교,전자공학과,1.45,12,16.75
서강대학교,화공생명공학과,1.46,11,18.27
서강대학교,반도체공학과,X,X,X
서강대학교,일본문화연계전공,X,X,X
서강대학교,사회과학부,1.56,13,12
서강대학교,사회학과,1.56,13,12
서강대학교,심리학과,1.56,13,12
서강대학교,정치외교학과,1.56,13,12
서강대학교,컴퓨터공학과,1.46,11,19.36
서강대학교,인공지능학과,1.53,3,14.33
서강대학교,AI기반자유전공학부,X,X,X
서강대학교,인문학부,1.59,15,11.07
서강대학교,국어국문학과,1.59,15,11.07
서강대학교,사학과,1.59,15,11.07
서강대학교,영문학부,1.57,10,11.1
서강대학교,영문학부(미국문화전공),1.57,10,11.1
서강대학교,영문학부(영미어문전공),1.57,10,11.1
서강대학교,유럽문화학과,1.62,6,9.17
서강대학교,종교학과,1.59,15,11.07
서강대학교,중국문화학과,1.67,5,10.4
서강대학교,철학과,1.59,15,11.07
서강대학교,인문학기반자유전공학부,X,X,X
서강대학교,물리학과,1.6,7,10.57
서강대학교,생명과학과,1.57,7,14.43
서강대학교,수학과,1.63,7,11.29
서강대학교,화학과,1.55,8,10
서강대학교,SCIENCE기반자유전공학부,X,X,X
서강대학교,지식융합미디어학부,1.57,13,13.54
서강대학교,미디어&엔터테인먼트학과,1.57,13,13.54
서강대학교,신문방송학과,1.57,13,13.54
서강대학교,아트&테크놀로지학과,1.57,13,13.54
서울대학교,간호대학,1.28,10,4.8
서울대학교,간호학과,1.28,10,4.8
서울대학교,경영대학,1.16,28,3.25
서울대학교,경영학과,1.16,28,3.25
서울대학교,(공과대학)광역,1.16,46,4.28
서울대학교,건설환경공학부,1.24,7,4
서울대학교,건축학과,1.18,6,3.5
서울대학교,건축학과(건축공학전공),1.18,6,3.5
서울대학교,건축학과(건축학전공(5년)),1.18,6,3.5
서울대학교,기계공학부,1.21,13,3.69
서울대학교,산업공학과,1.2,7,3.57
서울대학교,에너지자원공학과,1.32,4,4
서울대학교,원자핵공학과,1.28,4,5.25
서울대학교,재료공학부,1.17,12,4.25
서울대학교,전기・정보공학부,1.14,29,3.55
서울대학교,조선해양공학과,1.35,6,3.83
서울대학교,컴퓨터공학부,1.12,9,4.78
서울대학교,항공우주공학과,1.19,6,4.83
서울대학교,화학생물공학부,1.16,14,4.71
서울대학교,농경제사회학부,1.24,7,3.57
서울대학교,농업생명과학대학,X,X,X
서울대학교,바이오시스템・소재학부,1.25,6,4.17
서울대학교,산림과학부,1.38,8,5.38
서울대학교,식물생산과학부,1.31,10,4
서울대학교,식품・동물생명공학부,1.2,8,3.88
서울대학교,응용생물화학부,1.23,9,3.78
서울대학교,조경・지역시스템공학부,1.34,8,3.63
서울대학교,스마트시스템과학과,X,X,X
서울대학교,공예과,X,X,X
서울대학교,동양화과,X,X,X
서울대학교,디자인과,X,X,X
서울대학교,미술대학,X,X,X
서울대학교,서양화과,X,X,X
서울대학교,조소과,X,X,X
서울대학교,교육학과,1.19,3,5.33
서울대학교,국어교육과,1.2,5,4.4
서울대학교,독어교육과,1.38,2,4
서울대학교,물리교육과,1.19,3,4
서울대학교,불어교육과,1.39,2,4
서울대학교,사회교육과,1.18,6,4.83
서울대학교,생물교육과,1.13,3,4
서울대학교,수학교육과,1.14,6,4
서울대학교,역사교육과,1.15,3,3.67
서울대학교,영어교육과,1.18,5,3.2
서울대학교,윤리교육과,1.17,3,3.67
서울대학교,지구과학교육과,1.2,3,5
서울대학교,지리교육과,1.24,3,3.67
서울대학교,체육교육과,1.45,4,3
서울대학교,화학교육과,1.18,3,6.33
서울대학교,경제학부,1.17,20,3.1
서울대학교,사회복지학과,1.32,3,5.67
서울대학교,사회학과,1.18,7,4.86
서울대학교,심리학과,1.13,4,3.5
서울대학교,언론정보학과,1.14,4,5.5
서울대학교,인류학과,1.29,3,4
서울대학교,정치외교학부,1.15,8,4.13
서울대학교,정치외교학부(외교학전공),1.15,8,4.13
서울대학교,정치외교학부(정치학전공),1.15,8,4.13
서울대학교,지리학과,1.26,3,4.33
서울대학교,생활과학대학,X,X,X
서울대학교,소비자아동학부,1.22,7,4.14
서울대학교,소비자아동학부(소비자학전공),1.22,7,4.14
서울대학교,소비자아동학부(아동가족학전공),1.22,7,4.14
서울대학교,식품영양학과,1.31,4,3.25
서울대학교,의류학과,1.27,4,4.75
서울대학교,수의예과,1.11,4,5
서울대학교,수의학과,1.11,4,5
서울대학교,약학계열(6년제),1.13,11,3.91
서울대학교,약학과(2+4년제),X,X,X
서울대학교,약학과(6년제),1.13,11,3.91
서울대학교,약학기본과정(2+4학제),X,X,X
서울대학교,약학대학,1.13,11,3.91
서울대학교,제약학과(2+4학제),X,X,X
서울대학교,제약학과(6년제),1.13,11,3.91
서울대학교,관현악과,X,X,X
서울대학교,국악과,X,X,X
서울대학교,성악과,X,X,X
서울대학교,음악대학,X,X,X
서울대학교,음악학과,X,X,X
서울대학교,작곡과,X,X,X
서울대학교,피아노과,X,X,X
서울대학교,의예과,1.05,39,4.1
서울대학교,의학과,1.05,39,4.1
서울대학교,고고미술사학과,1.45,2,5
서울대학교,국어국문학과,1.25,5,3.8
서울대학교,노어노문학과,1.35,2,3.5
서울대학교,독어독문학과,1.42,2,3
서울대학교,미학과,1.56,2,4.5
서울대학교,불어불문학과,1.32,2,4
서울대학교,서어서문학과,1.25,3,3.33
서울대학교,아시아언어문명학부,1.36,3,3
서울대학교,언어학과,1.19,2,5
서울대학교,역사학부,1.26,9,3.89
서울대학교,영어영문학과,1.19,8,3
서울대학교,인문계열,1.28,43,3.37
서울대학교,인문대학,1.28,43,3.37
서울대학교,종교학과,1.33,2,3
서울대학교,중어중문학과,1.3,3,3.33
서울대학교,철학과,1.23,3,3
서울대학교,물리·천문학부(물리학전공),1.21,8,3.75
서울대학교,물리·천문학부(천문학전공),1.21,8,3.75
서울대학교,물리・천문학부,1.21,8,3.75
서울대학교,생명과학부,1.14,8,4.88
서울대학교,수리과학부,1.15,5,4.6
서울대학교,자연과학대학,X,X,X
서울대학교,지구환경과학부,1.25,5,3.8
서울대학교,통계학과,1.1,4,4.75
서울대학교,화학부,1.19,8,3.38
서울대학교,첨단융합학부,1.26,30,5.87
서울대학교,자유전공학부,1.27,20,6.15
서울대학교,(학부대학)광역,X,X,X
서울시립대학교,경영학부,1.72,24,5.58
서울시립대학교,경영학부,1.72,24,5.58
서울시립대학교,기계정보공학과,1.81,4,5.75
서울시립대학교,신소재공학과,1.62,4,9.75
서울시립대학교,인공지능학과,1.7,3,11.33
서울시립대학교,전자전기컴퓨터공학부,1.68,22,6.82
서울시립대학교,컴퓨터과학부,1.51,9,12.33
서울시립대학교,토목공학과,2.09,5,8.8
서울시립대학교,화학공학과,1.56,6,7.33
서울시립대학교,건축학부 건축공학전공,1.94,3,5.67
서울시립대학교,건축학부 건축학전공(5년제),1.9,4,7.5
서울시립대학교,공간정보공학과,1.88,4,6.75
서울시립대학교,교통공학과,2.08,3,5.67
서울시립대학교,교통공학과,2.08,3,5.67
서울시립대학교,도시공학과,1.83,4,6.75
서울시립대학교,도시사회학과,1.97,4,5.5
서울시립대학교,도시행정학과,1.78,8,5.38
서울시립대학교,소방방재학과,X,X,X
서울시립대학교,조경학과,2.21,4,7
서울시립대학교,환경공학부,1.91,10,6.8
서울시립대학교,디자인학과,X,X,X
서울시립대학교,스포츠과학과,X,X,X
서울시립대학교,음악학과,X,X,X
서울시립대학교,조각학과,X,X,X
서울시립대학교,국사학과,1.88,3,5
서울시립대학교,국어국문학과,1.87,3,5.67
서울시립대학교,영어영문학과,1.82,5,5.4
서울시립대학교,중국어문화학과,2,3,4.33
서울시립대학교,철학과,2.1,3,8
서울시립대학교,물리학과,1.94,3,6
서울시립대학교,생명과학과,1.63,4,7.75
서울시립대학교,수학과,1.77,4,6.5
서울시립대학교,융합응용화학과,1.76,3,9
서울시립대학교,통계학과,1.62,3,6
서울시립대학교,환경원예학과,2,3,7.33
서울시립대학교,경제학부,1.77,13,4.92
서울시립대학교,국제관계학과,1.83,6,6.5
서울시립대학교,사회복지학과,1.88,3,25
서울시립대학교,세무학과,1.7,10,4.5
서울시립대학교,행정학과,1.79,11,4.91
서울시립대학교,행정학과,1.79,11,4.91
성균관대학교,경영학과,1.43,10,11.5
성균관대학교,글로벌경영학과,1.54,12,8.83
성균관대학교,경제학과,1.47,10,7.9
성균관대학교,글로벌경제학과,1.55,12,10.42
성균관대학교,통계학과,1.62,5,4.75
성균관대학교,건설환경공학부,1.69,20,11.85
성균관대학교,건축학과,1.61,21,8.48
성균관대학교,기계공학부,1.52,40,13.53
성균관대학교,나노공학과,1.52,40,13.53
성균관대학교,시스템경영공학과,1.52,40,13.53
성균관대학교,신소재공학부,1.52,40,13.53
성균관대학교,화학공학부,1.52,40,13.53
성균관대학교,양자정보공학과,X,X,X
성균관대학교,국어국문학과,1.6,15,11
성균관대학교,독어독문학과,1.6,15,11
성균관대학교,러시아어문학과,1.6,15,11
성균관대학교,문헌정보학과,1.6,15,11
성균관대학교,사학과,1.6,15,11
성균관대학교,영어영문학과,1.6,15,11
성균관대학교,중어중문학과,1.6,15,11
성균관대학교,철학과,1.6,15,11
성균관대학교,프랑스어문학과,1.6,15,11
성균관대학교,한문학과,1.6,15,11
성균관대학교,교육학과,1.41,5,10.4
성균관대학교,수학교육과,1.44,5,11.2
성균관대학교,컴퓨터교육과,1.58,5,13.2
성균관대학교,한문교육과,1.65,5,8.8
성균관대학교,글로벌리더학부,1.52,10,7.9
성균관대학교,미디어커뮤니케이션학과,1.52,15,11.47
성균관대학교,사회복지학과,1.52,15,11.47
성균관대학교,사회학과,1.52,15,11.47
성균관대학교,소비자학과,1.52,15,11.47
성균관대학교,심리학과,2.63,5,5.08
성균관대학교,아동・청소년학과,1.71,5,5.1
성균관대학교,정치외교학과,1.52,15,11.47
성균관대학교,행정학과,1.52,15,11.47
성균관대학교,바이오메카트로닉스학과,1.58,40,17.3
성균관대학교,식품생명공학과,1.58,40,17.3
성균관대학교,융합생명공학과,1.51,7,11.71
성균관대학교,글로벌융합학부,1.68,10,14.8
성균관대학교,소프트웨어융합대학,1.5,10,14.6
성균관대학교,소프트웨어학과,1.5,10,14.6
성균관대학교,인공지능융합전공,1.83,5,10.4
성균관대학교,지능형소프트웨어학과,1.54,5,12.6
성균관대학교,스포츠과학과,X,X,X
성균관대학교,약학과,1.18,5,11.6
성균관대학교,디자인학과,X,X,X
성균관대학교,무용학과,X,X,X
성균관대학교,미술학과,X,X,X
성균관대학교,연기예술학과,X,X,X
성균관대학교,영상학과,1.64,5,10.2
성균관대학교,의상학과,1.67,5,8.8
성균관대학교,유학・동양학과,1.6,15,11
성균관대학교,의예과,1.08,5,12.4
성균관대학교,의학과,1.08,5,12.4
성균관대학교,물리학과,1.58,40,17.3
성균관대학교,생명과학과,1.4,12,16.58
성균관대학교,수학과,1.53,7,19.43
성균관대학교,화학과,1.59,12,15.17
성균관대학교,반도체시스템공학과,1.58,10,13.1
성균관대학교,반도체융합공학과,1.61,10,16.9
성균관대학교,소재부품융합공학과,1.72,10,15.6
성균관대학교,소프트웨어학과,1.5,10,14.6
성균관대학교,전자전기공학부,1.52,10,24.7
성신여자대학교,간호학과,1.62,16,13.94
성신여자대학교,AI융합학부,2.21,20,5.85
성신여자대학교,바이오생명공학과,1.99,9,10.78
성신여자대학교,바이오식품공학과,2.32,7,8.86
성신여자대학교,바이오신약의과학부,2.08,8,12
성신여자대학교,서비스디자인공학과,2.16,10,11.2
성신여자대학교,융합보안공학과,2.05,10,10.1
성신여자대학교,청정신소재공학과,2.35,10,6.8
성신여자대학교,컴퓨터공학과,2.1,12,10.08
성신여자대학교,공예과,X,X,X
성신여자대학교,동양화과,X,X,X
성신여자대학교,디자인과,X,X,X
성신여자대학교,서양화과,X,X,X
성신여자대학교,조소과,X,X,X
성신여자대학교,법학부,2.3,30,5.3
성신여자대학교,교육학과,1.86,6,8.67
성신여자대학교,사회교육과,1.92,6,7.67
성신여자대학교,유아교육과,2.12,7,6
성신여자대학교,윤리교육과,2.07,6,5.33
성신여자대학교,한문교육과,2.36,6,4.83
성신여자대학교,경영학과,2.21,26,6.27
성신여자대학교,경제학과,2.22,16,6.63
성신여자대학교,미디어커뮤니케이션학과,1.99,10,9
성신여자대학교,사회복지학과,2.16,9,9.33
성신여자대학교,심리학과,1.94,9,11.56
성신여자대학교,정치외교학과,2.25,10,6.1
성신여자대학교,지리학과,2.24,10,6.5
성신여자대학교,뷰티산업학과,2.14,6,13
성신여자대학교,소비자산업학과,2.35,7,8
성신여자대학교,스포츠과학부,X,X,X
성신여자대학교,의류산업학과,2.26,10,7.5
성신여자대학교,기악과,X,X,X
성신여자대학교,성악과,X,X,X
성신여자대학교,작곡과,X,X,X
성신여자대학교,미디어영상연기학과,X,X,X
성신여자대학교,국어국문학과,2.32,11,6.45
성신여자대학교,독일어문·문화학과,2.43,7,7.71
성신여자대학교,무용예술학과,X,X,X
성신여자대학교,문화예술경영학과,2.01,7,10.57
성신여자대학교,사학과,2.26,11,7
성신여자대학교,영어영문학과,2.18,21,6
성신여자대학교,일본어문·문화학과,2.43,10,5.8
성신여자대학교,중국어문·문화학과,2.35,10,5.8
성신여자대학교,프랑스어문·문화학과,2.45,8,5.88
성신여자대학교,현대실용음악학과,X,X,X
성신여자대학교,바이오헬스융합학부,2.22,17,6.24
성신여자대학교,수리통계데이터사이언스학부,2.18,22,6.09
성신여자대학교,화학・에너지융합학부,2.24,14,8.86
성신여자대학교,창의융합학부,X,X,X
성신여자대학교,국제학부,2.62,5,5.4
성신여자대학교,국제학부(글로벌한국학전공),2.62,5,5.4
성신여자대학교,국제학부(뷰티・패션디자인전공),X,X,X
성신여자대학교,창의융합학부(예체능전공),X,X,X
성신여자대학교,창의융합학부(자유전공),X,X,X
성신여자대학교,창의융합학부(첨단분야전공),X,X,X
세종대학교,경영학부,1.94,35,6.8
세종대학교,경제학과,1.92,14,5.86
세종대학교,우주항공시스템공학부(지능형드론융합전공),1.81,5,8.8
세종대학교,건설환경공학과,2.27,14,4.86
세종대학교,건축공학과,2.08,11,6.09
세종대학교,건축학과,1.83,11,9.09
세종대학교,국방시스템공학과,X,X,X
세종대학교,기계공학과,2.07,20,5.2
세종대학교,나노신소재공학과,1.71,16,7.69
세종대학교,양자원자력공학과,2.04,7,6.14
세종대학교,우주항공시스템공학부,1.81,18,9.72
세종대학교,우주항공시스템공학부(우주항공공학전공),1.81,18,9.72
세종대학교,우주항공시스템공학부(항공시스템공학전공),1.81,18,9.72
세종대학교,지구자원시스템공학과,2.3,7,4.14
세종대학교,환경융합공학과,2.1,10,5.3
세종대학교,미디어커뮤니케이션학과,1.72,9,10.33
세종대학교,법학과,1.92,14,7
세종대학교,행정학과,1.94,10,6.3
세종대학교,바이오산업자원공학전공,1.89,10,8.2
세종대학교,스마트생명산업융합학과,1.95,10,7.9
세종대학교,바이오융합공학전공/생명시스템학부,1.76,12,10.58
세종대학교,생명시스템학부,1.76,12,10.58
세종대학교,식품생명공학전공/생명시스템학부,1.76,12,10.58
세종대학교,무용과,X,X,X
세종대학교,영화예술학과,X,X,X
세종대학교,음악과,X,X,X
세종대학교,체육학과,X,X,X
세종대학교,패션디자인학과,2.01,10,6
세종대학교,회화과,X,X,X
세종대학교,창의소프트학부,2.34,18,15.11
세종대학교,창의소프트학부(디자인이노베이션전공),2.34,18,15.11
세종대학교,창의소프트학부(만화애니메이션텍전공),2.34,18,15.11
세종대학교,AI로봇학과,1.83,22,6.55
세종대학교,반도체시스템공학과,1.75,10,8.3
세종대학교,인공지능데이터사이언스학과,1.85,26,5.38
세종대학교,정보보호학과,1.81,10,8
세종대학교,컴퓨터공학과,1.72,22,8.18
세종대학교,AI융합전자공학과,1.94,36,5.14
세종대학교,사이버국방학과,X,X,X
세종대학교,지능IoT학과,2.03,13,4.15
세종대학교,지능정보융합학과,X,X,X
세종대학교,콘텐츠소프트웨어학과,X,X,X
세종대학교,교육학과,1.74,7,8.43
세종대학교,국어국문학과,1.96,9,7
세종대학교,국제통상전공,2.01,15,6.27
세종대학교,국제학부,2.01,15,6.27
세종대학교,국제협력전공,2.01,15,6.27
세종대학교,글로벌인재학부,X,X,X
세종대학교,역사학과,1.97,9,7.89
세종대학교,일어일문학전공/국제학부,2.01,15,6.27
세종대학교,중국통상학전공/국제학부,2.01,15,6.27
세종대학교,한국언어문화전공,X,X,X
세종대학교,영어데이터융합전공,1.96,15,7.47
세종대학교,물리천문학과,1.98,10,8
세종대학교,수학통계학과,1.9,12,7.33
세종대학교,화학과,1.83,10,9
세종대학교,글로벌조리학과,2.09,12,8.5
세종대학교,외식경영학전공/호텔관광외식경영학부,1.91,45,6.51
세종대학교,호텔관광경영학전공/호텔관광외식경영학부,1.91,45,6.51
세종대학교,호텔관광외식경영학부,1.91,45,6.51
세종대학교,호텔외식관광프랜차이즈경영학과,X,X,X
세종대학교,호텔외식비즈니스학과,X,X,X
순천향대학교,건축학과(5),3.22,9,8.89
순천향대학교,공연영상학과,X,X,X
순천향대학교,디지털애니메이션학과,X,X,X
순천향대학교,미디어커뮤니케이션학과,3.01,10,6.5
순천향대학교,스마트자동차학과,3.71,10,5.5
순천향대학교,에너지공학과,3.91,8,5.38
순천향대학교,영미학과,4.13,12,4.83
순천향대학교,중국학과,4.27,11,4.45
순천향대학교,한국문화콘텐츠학과,3.67,10,5.3
순천향대학교,의생명융합학부(바이오의약전공),2.97,14,8.57
순천향대학교,의생명융합학부(헬스케어융합전공),2.97,14,8.57
순천향대학교,탄소중립학과,4.14,8,6.13
순천향대학교,AI・빅데이터학과,3.17,11,6.36
순천향대학교,메타버스&게임학과,3.31,10,9
순천향대학교,사물인터넷학과,3.46,10,5.1
순천향대학교,의료IT공학과,3.22,12,6.67
순천향대학교,정보보호학과,3.21,11,6.09
순천향대학교,컴퓨터소프트웨어공학과,2.82,15,11.2
순천향대학교,기계공학과,3.74,13,4.92
순천향대학교,나노화학공학과,3.61,10,5.7
순천향대학교,디스플레이신소재공학과,3.68,12,4.67
순천향대학교,에너지환경공학과,3.93,10,5.1
순천향대학교,전기공학과,3.31,12,8.42
순천향대학교,전자공학과,3.44,13,5.62
순천향대학교,전자정보공학과,3.56,13,4.85
순천향대학교,정보통신공학과,3.61,14,5.07
순천향대학교,컴퓨터공학과,2.88,15,13.07
순천향대학교,IT금융경영학과,3.76,10,6.1
순천향대학교,경영학과,3.24,20,5.5
순천향대학교,경제금융학과,3.61,14,4.79
순천향대학교,관광경영학과,3.66,14,6.64
순천향대학교,국제통상학과,3.78,14,4.79
순천향대학교,글로벌문화산업학과,4.01,10,4.4
순천향대학교,회계학과,3.61,14,4.71
순천향대학교,간호학과,1.71,35,13.91
순천향대학교,의예과,1.05,21,24.38
순천향대학교,의학과,1.05,21,24.38
순천향대학교,보건행정경영학과,2.76,12,10.58
순천향대학교,의공학과,3.01,12,7.92
순천향대학교,의료생명공학과,2.91,11,9.45
순천향대학교,의약공학과,2.66,11,12
순천향대학교,임상병리학과,2.21,15,16.07
순천향대학교,작업치료학과,2.74,15,8.53
순천향대학교,경찰행정학과,2.32,15,12.13
순천향대학교,법학과,3.44,16,6.06
순천향대학교,사회복지학과,3.24,12,7.83
순천향대학교,유아교육과,3.13,10,8.8
순천향대학교,청소년교육 ・ 상담학과,3.02,10,11.2
순천향대학교,특수교육과,2.84,12,10.67
순천향대학교,행정학과,3.43,14,5.64
순천향대학교,사회체육학과,X,X,X
순천향대학교,생명과학과,3.21,13,7.31
순천향대학교,스포츠과학과,X,X,X
순천향대학교,스포츠의학과,2.31,12,22.17
순천향대학교,식품영양학과,3.36,12,5.83
순천향대학교,화학과,3.31,12,6.58
순천향대학교,환경보건학과,3.82,10,5.2
순천향대학교,국제보건학전공,4.21,8,3.5
순천향대학교,국제학전공,4.21,8,3.5
순천향대학교,글로벌자유전공학과,4.38,15,3.87
순천향대학교,외국어로서의 한국어교육학전공,4.21,8,3.5
서울과학기술대학교,건설시스템공학과,2.21,12,5.33
서울과학기술대학교,건축기계설비공학과,2.22,9,5.33
서울과학기술대학교,건축학부건축공학전공,2.12,9,4.89
서울과학기술대학교,건축학부건축학전공,1.96,10,8.3
서울과학기술대학교,기계・자동차공학과,1.98,22,5.86
서울과학기술대학교,기계시스템디자인공학과,1.93,25,6.44
서울과학기술대학교,신소재공학과,1.88,15,8.87
서울과학기술대학교,안전공학과,2.11,10,11.2
서울과학기술대학교,자유전공학부(공과대학),X,X,X
서울과학기술대학교,MSDE학과,1.62,15,8.53
서울과학기술대학교,경영학과(경영학전공),2.02,15,5.13
서울과학기술대학교,경영학과(글로벌테크노경영전공),2.11,8,4.88
서울과학기술대학교,산업공학과(ITM전공),1.72,13,7.31
서울과학기술대학교,산업공학과(산업정보시스템전공),1.97,14,4.64
서울과학기술대학교,자유전공학부(기술경영융합대학),X,X,X
서울과학기술대학교,헬스피트니스학과,X,X,X
서울과학기술대학교,건설환경융합공학과,X,X,X
서울과학기술대학교,문화예술학과,X,X,X
서울과학기술대학교,벤처경영학과,X,X,X
서울과학기술대학교,영어과,2.08,11,4.91
서울과학기술대학교,융합기계공학과,X,X,X
서울과학기술대학교,정보통신융합공학과,X,X,X
서울과학기술대학교,자유전공학부(미래융합대학),X,X,X
서울과학기술대학교,스포츠과학과,X,X,X
서울과학기술대학교,식품생명공학과,1.94,10,11
서울과학기술대학교,안경광학과,2.18,8,12
서울과학기술대학교,정밀화학과,1.86,12,11.58
서울과학기술대학교,화공생명공학과,1.77,16,13.94
서울과학기술대학교,환경공학과,2.09,14,7.21
서울과학기술대학교,자유전공학부(에너지바이오대학),X,X,X
서울과학기술대학교,문예창작학과,1.97,7,6.71
서울과학기술대학교,영어영문학과,2.05,8,7.63
서울과학기술대학교,행정학과,1.94,10,6.6
서울과학기술대학교,자유전공학부(인문사회대학),X,X,X
서울과학기술대학교,스마트ICT융합공학과,1.86,6,8.83
서울과학기술대학교,전기정보공학과,1.91,20,6.1
서울과학기술대학교,전자공학과,1.84,22,8.64
서울과학기술대학교,컴퓨터공학과,1.75,17,10.94
서울과학기술대학교,자유전공학부(정보통신대학),X,X,X
서울과학기술대학교,금속공예디자인학과,X,X,X
서울과학기술대학교,도예학과,X,X,X
서울과학기술대학교,디자인학과(산업디자인전공),X,X,X
서울과학기술대학교,디자인학과(시각디자인전공),X,X,X
서울과학기술대학교,조형예술학과,X,X,X
서울과학기술대학교,미래에너지융합학과,1.86,6,8.17
서울과학기술대학교,인공지능응용학과,1.85,12,6.08
서울과학기술대학교,지능형반도체공학과,1.93,6,7.33
서울과학기술대학교,에너지신기술융합학과(계약학과),X,X,X
서울과학기술대학교,자유전공학부(창의융합대학),X,X,X
숭실대학교,AI융합학부,2.27,7,8.1:1
숭실대학교,글로벌미디어학부,2.34,14,8.6:1
숭실대학교,미디어경영학과,X,X,X
숭실대학교,소프트웨어학부,2.09,13,6.9:1
숭실대학교,전자정보공학부 IT융합전공,2.16,20,7.8:1
숭실대학교,전자정보공학부 전자공학전공,2.13,19,7.5:1
숭실대학교,정보보호학과,X,X,X
숭실대학교,컴퓨터학부,1.99,15,6.6:1
숭실대학교,경영학부,2.32,27,11.0:1
숭실대학교,금융학부,2.19,7,14.4:1
숭실대학교,벤처경영학과,X,X,X
숭실대학교,벤처중소기업학과,2.44,11,15.7:1
숭실대학교,복지경영학과,X,X,X
숭실대학교,혁신경영학과,X,X,X
숭실대학교,회계세무학과,X,X,X
숭실대학교,회계학과,2.28,10,12.7:1
숭실대학교,경제학과,2.38,15,9.9:1
숭실대학교,국제무역학과,X,X,X
숭실대학교,글로벌통상학과,2.42,14,12.6:1
숭실대학교,금융경제학과,X,X,X
숭실대학교,건축학부,2.41,16,6.4:1
숭실대학교,건축학부 건축공학전공,2.41,16,6.4:1
숭실대학교,건축학부 건축학전공,2.41,16,6.4:1
숭실대학교,건축학부 실내건축전공,2.51,4,8.3:1
숭실대학교,기계공학부,2.39,18,9.3:1
숭실대학교,산업・정보시스템공학과,2.36,20,8.1:1
숭실대학교,신소재공학과,2.2,18,14.0:1
숭실대학교,전기공학부,2.33,23,9.3:1
숭실대학교,화학공학과,2.08,25,7.1:1
숭실대학교,한국학과,X,X,X
숭실대학교,국제법무학과,2.31,6,15.8:1
숭실대학교,법학과,2.25,11,10.7:1
숭실대학교,사회복지학부,2.3,9,11.3:1
숭실대학교,언론홍보학과,2.32,4,13.0:1
숭실대학교,정보사회학과,2.23,4,12.8:1
숭실대학교,정치외교학과,2.1,4,17.3:1
숭실대학교,평생교육학과,2.82,2,9.5:1
숭실대학교,행정학부,2.17,9,12.6:1
숭실대학교,행정학부 행정정보관리전공,2.17,9,12.6:1
숭실대학교,행정학부 행정학전공,2.17,9,12.6:1
숭실대학교,국어국문학과,2.27,5,16.0:1
숭실대학교,기독교학과,X,X,X
숭실대학교,독어독문학과,2.39,4,18.5:1
숭실대학교,불어불문학과,2.48,5,20.0:1
숭실대학교,사학과,2.26,4,8.3:1
숭실대학교,스포츠학부,X,X,X
숭실대학교,스포츠학부 생활체육전공,X,X,X
숭실대학교,스포츠학부 스포츠사이언스전공,X,X,X
숭실대학교,영어영문학과,2.4,14,10.4:1
숭실대학교,예술창작학부 문예창작전공,X,X,X
숭실대학교,예술창작학부 영화예술전공,X,X,X
숭실대학교,일어일문학과,2.38,8,13.3:1
숭실대학교,중어중문학과,2.46,3,10.7:1
숭실대학교,철학과,2.41,5,10.0:1
숭실대학교,물리학과,2.08,3,14.3:1
숭실대학교,수학과,2.23,8,6.5:1
숭실대학교,의생명시스템학부,2.42,9,6.3:1
숭실대학교,정보통계・보험수리학과,2.16,7,9.4:1
숭실대학교,화학과,2.06,6,8.0:1
숙명여자대학교,경영학부,2.1,30,8.17:1
숙명여자대학교,경제학부,2.14,16,6.06:1
숙명여자대학교,기계시스템학부,2.1,6,11.50:1
숙명여자대학교,데이터사이언스전공,1.97,5,4.80:1
숙명여자대학교,소프트웨어학부,X,X,X
숙명여자대학교,신소재물리전공,1.91,5,6.60:1
숙명여자대학교,인공지능공학부,2,10,7.00:1
숙명여자대학교,지능형전자시스템전공,1.89,7,7.14:1
숙명여자대학교,첨단소재・전자융합공학부,X,X,X
숙명여자대학교,컴퓨터과학전공,2.1,9,5.56:1
숙명여자대학교,화공생명공학부,1.86,8,4.88:1
숙명여자대학교,첨단공학부,X,X,X
숙명여자대학교,글로벌융합학부,X,X,X
숙명여자대학교,글로벌서비스학부,X,X,X
숙명여자대학교,글로벌협력전공,X,X,X
숙명여자대학교,미디어학부,2.03,6,4.33:1
숙명여자대학교,앙트러프러너십전공,X,X,X
숙명여자대학교,영어영문학부,X,X,X
숙명여자대학교,영어영문학전공,2.59,9,5.56:1
숙명여자대학교,테슬(TESL)전공,2.46,3,6.33:1
숙명여자대학교,교육학부,2.09,6,4.17:1
숙명여자대학교,독일언어・문화학과,2.17,2,10.00:1
숙명여자대학교,르꼬르동블루외식경영전공,2.41,5,7.60:1
숙명여자대학교,문헌정보학과,1.87,3,9.33:1
숙명여자대학교,문화관광외식학부,X,X,X
숙명여자대학교,문화관광학전공,2.13,5,6.60:1
숙명여자대학교,역사문화학과,2.37,5,9.00:1
숙명여자대학교,일본학과,2.31,4,4.50:1
숙명여자대학교,중어중문학부,2.16,9,7.44:1
숙명여자대학교,프랑스언어・문화학과,2.31,3,6.00:1
숙명여자대학교,한국어문학부,2.27,8,6.50:1
숙명여자대학교,공예과,X,X,X
숙명여자대학교,산업디자인과,X,X,X
숙명여자대학교,시각・영상디자인과,X,X,X
숙명여자대학교,환경디자인과,X,X,X
숙명여자대학교,회화과,X,X,X
숙명여자대학교,법학부,2.03,15,6.07:1
숙명여자대학교,사회심리학과,2.03,2,6.00:1
숙명여자대학교,소비자경제학과,2.24,3,7.33:1
숙명여자대학교,정치외교학과,2.84,5,4.80:1
숙명여자대학교,행정학과,2.2,5,5.80:1
숙명여자대학교,홍보광고학과,2.78,5,5.20:1
숙명여자대학교,가족자원경영학과,2.09,3,7.67:1
숙명여자대학교,식품영양학과,1.94,7,6.14:1
숙명여자대학교,아동복지학부,2.19,7,6.29:1
숙명여자대학교,의류학과,2.2,6,6.50:1
숙명여자대학교,기초교양학부,X,X,X
숙명여자대학교,융합학부,X,X,X
숙명여자대학교,자유전공학부,X,X,X
숙명여자대학교,약학부,1.07,5,12.40:1
숙명여자대학교,관현악과,X,X,X
숙명여자대학교,성악과,X,X,X
숙명여자대학교,작곡과,X,X,X
숙명여자대학교,피아노과,X,X,X
숙명여자대학교,무용과,X,X,X
숙명여자대학교,생명시스템학부,2.19,7,6.29:1
숙명여자대학교,수학과,2.32,4,5.75:1
숙명여자대학교,체육교육과,X,X,X
숙명여자대학교,통계학과,1.94,5,6.60:1
숙명여자대학교,화학과,1.93,5,5.40:1
아주대학교,간호학과,2.01,12,11.2
아주대학교,간호학과(특별과정),X,X,X
아주대학교,경영인텔리전스학과,2.21,7,8.14
아주대학교,경영학과,2.28,16,7.9
아주대학교,글로벌경영학과,2.28,X,X
아주대학교,금융공학과,2.18,7,7.43
아주대학교,국제경영학과,2.28,X,X
아주대학교,AI모빌리티공학과,2.51,5,7.6
아주대학교,건설시스템공학과,2.59,7,10.4
아주대학교,건축학과,2.36,11,13.9
아주대학교,교통시스템공학과,2.38,7,10.6
아주대학교,기계공학과,2.09,14,11.1
아주대학교,산업공학과,2.24,16,8.9
아주대학교,융합시스템공학과,2.24,X,X
아주대학교,응용화학생명공학과,1.89,10,7.1
아주대학교,첨단신소재공학과,1.97,6,10.7
아주대학교,화학공학과,2.01,10,11
아주대학교,환경안전공학과,2.14,5,6.2
아주대학교,응용화학과,1.89,10,7.1
아주대학교,경제학과,2.38,10,8.8
아주대학교,사회학과,2.43,6,7.5
아주대학교,스포츠레저학과,X,X,X
아주대학교,심리학과,2.14,6,11.2
아주대학교,정치외교학과,2.56,5,9
아주대학교,행정학과,2.34,7,10
아주대학교,경제 분야,2.45,21,8.4
아주대학교,경제사회 분야,2.45,21,8.4
아주대학교,경제정치 분야,2.45,21,8.4
아주대학교,경제정치사회 분야,2.45,21,8.4
아주대학교,경제정치사회융합학부,2.45,21,8.4
아주대학교,사회 분야,2.45,21,8.4
아주대학교,정치 분야,2.45,21,8.4
아주대학교,정치사회 분야,2.45,21,8.4
아주대학교,국방디지털융합학과,X,X,X
아주대학교,디지털미디어학과,2.45,18,13.7
아주대학교,사이버보안학과,2.13,5,7.4
아주대학교,소프트웨어학과,2.09,11,5
아주대학교,인공지능융합학과,2.12,5,8.2
아주대학교,약학과,1.15,5,24
아주대학교,의학과(본과),1.06,10,32.5
아주대학교,의학과(예과),1.06,10,32.5
아주대학교,국어국문학과,2.44,7,10.6
아주대학교,문화콘텐츠학과,2.41,7,15.3
아주대학교,불어불문학과,2.58,5,8.4
아주대학교,사학과,2.51,5,11
아주대학교,영어영문학과,2.53,10,7.5
아주대학교,물리학과,2.46,5,14.2
아주대학교,생명과학과,2.18,8,12.6
아주대학교,수학과,2.27,6,12.7
아주대학교,화학과,2.12,6,12.5
아주대학교,물리・양자과학전공,2.25,25,13
아주대학교,생명과학・응용생물학전공,2.25,25,13
아주대학교,프런티어과학학부,2.25,25,13
아주대학교,화학・물질과학전공,2.25,25,13
아주대학교,전자공학과,1.99,30,5.6
아주대학교,지능형반도체공학과,1.96,5,5
아주대학교,미래모빌리티공학과,2.51,5,7.6
아주대학교,바이오첨단소재공학전공,1.95,15,9
아주대학교,첨단바이오융합대학,1.95,15,9
아주대학교,혁신신약공학전공,1.95,15,9
연세대학교,간호학과,1.33,1.45,6.5
연세대학교,간호학과(특별과정),X,X,X
연세대학교,경영학과,1.16,1.33,7.21
연세대학교,건설환경공학전공,1.38,1.51,5.58
연세대학교,건축공학(4년제),1.33,1.42,6.43
연세대학교,건축공학과,1.33,1.42,6.43
연세대학교,건축학(5년제),1.21,1.38,8.33
연세대학교,기계공학부,1.25,1.41,5.14
연세대학교,기계공학전공,1.25,1.41,5.14
연세대학교,도시공학과,1.31,1.43,5.18
연세대학교,디스플레이융합공학과,1.26,1.54,12
연세대학교,사회환경시스템공학부,1.38,1.51,5.58
연세대학교,산업공학과,1.24,1.39,6.14
연세대학교,시스템반도체공학과,1.13,1.25,10.42
연세대학교,신소재공학부,1.21,1.33,6.81
연세대학교,신소재공학전공,1.21,1.33,6.81
연세대학교,전기전자공학부,1.18,1.31,6.64
연세대학교,전기전자공학전공,1.18,1.31,6.64
연세대학교,화공생명공학부,1.15,1.25,6.63
연세대학교,화공생명공학전공,1.15,1.25,6.63
연세대학교,교육학부,1.17,1.38,6.4
연세대학교,교육학전공,1.17,1.38,6.4
연세대학교,스포츠응용산업학과,X,X,X
연세대학교,체육교육학과,X,X,X
연세대학교,글로벌인재학부,X,X,X
연세대학교,국제통상전공,X,X,X
연세대학교,글로벌기초교육학부,X,X,X
연세대학교,문화미디어전공,X,X,X
연세대학교,바이오생활공학전공,X,X,X
연세대학교,응용정보공학전공,X,X,X
연세대학교,한국언어문화교육전공,X,X,X
연세대학교,국어국문학과,1.3,1.42,6.78
연세대학교,노어노문학과,1.35,1.51,6.17
연세대학교,독어독문학과,1.45,1.62,5.33
연세대학교,문헌정보학과,1.24,1.39,5.57
연세대학교,불어불문학과,1.32,1.48,7.17
연세대학교,사학과,1.25,1.43,6.63
연세대학교,심리학과,1.23,1.37,8.83
연세대학교,영어영문학과,1.31,1.44,5.05
연세대학교,중어중문학과,1.36,1.52,5.17
연세대학교,철학과,1.34,1.46,6.33
연세대학교,문화인류학과,1.23,1.45,6.75
연세대학교,사회복지학과,1.34,1.42,4.83
연세대학교,사회학과,1.25,1.39,5.43
연세대학교,언론홍보영상학부,1.18,1.26,6.5
연세대학교,정치외교학과,1.19,1.33,5.5
연세대학교,행정학과,1.23,1.37,5.38
연세대학교,상경계열,1.17,1.26,6.02
연세대학교,경제학부,1.17,1.26,6.02
연세대학교,경제학전공,1.17,1.26,6.02
연세대학교,응용통계학과,1.12,1.21,6.27
연세대학교,생명공학과,1.12,1.18,8.13
연세대학교,생화학과,1.17,1.25,6.75
연세대학교,시스템생물학과,1.14,1.23,10.75
연세대학교,생명과학부,1.12,1.23,8.5
연세대학교,식품영양학과,1.31,1.47,4.5
연세대학교,실내건축학과,1.32,1.48,5.33
연세대학교,아동・가족학과,1.28,1.46,5.29
연세대학교,의류환경학과,1.35,1.52,4.67
연세대학교,통합디자인학과,X,X,X
연세대학교,신학과,1.35,1.62,6.43
연세대학교,약학과,1.08,1.15,10
연세대학교,약학과(2+4학제),X,X,X
영남대학교,경영학과,3.01,71,6.84
영남대학교,경제금융전공,3.46,42,5.38
영남대학교,경제금융학부,3.46,42,5.38
영남대학교,무역학부,3.67,36,6.33
영남대학교,무역학전공,3.67,36,6.33
영남대학교,산업경영학과,X,X,X
영남대학교,항공운송학과,2.32,6,8.83
영남대학교,회계세무학과,3.44,32,7
영남대학교,기계공학전공,3.22,82,6.44
영남대학교,첨단화학공학전공,2.97,51,8.78
영남대학교,건설시스템공학과,4.27,33,5.82
영남대학교,건축공학전공,3.89,22,8
영남대학교,건축디자인전공,3.62,10,12
영남대학교,건축학부,3.5,32,10
영남대학교,건축학전공,3.31,15,11.53
영남대학교,기계공학부,3.22,82,6.44
영남대학교,도시공학과,4.21,15,6.47
영남대학교,신소재공학부,3.88,49,6.04
영남대학교,신소재공학전공,3.88,49,6.04
영남대학교,에너지화공전공,2.97,51,8.78
영남대학교,융합화학공학전공,2.97,51,8.78
영남대학교,전기공학과,3.01,43,9.07
영남대학교,파이버시스템공학과,4.26,19,6.84
영남대학교,화학공학부,2.97,51,8.78
영남대학교,환경공학과,4.32,23,6.17
영남대학교,국제개발새마을학과,3.74,21,8.38
영남대학교,[외국인유학생]새마을국제개발학전공,X,X,X
영남대학교,국제한국어교육전공,3.81,6,13
영남대학교,글로벌교양학부,X,X,X
영남대학교,글로벌교육학부,X,X,X
영남대학교,글로벌비즈니스학과,X,X,X
영남대학교,글로벌통번역학부,4.38,10,5.9
영남대학교,글로벌학부,4.38,10,5.9
영남대학교,영어통번역전공,4.38,10,5.9
영남대학교,응용중국어통번역전공,4.38,10,5.9
영남대학교,중국언어문화학과,4.45,22,4.86
영남대학교,[외국인유학생]컴퓨터공학전공,X,X,X
영남대학교,[외국인유학생]한국어통번역전공(관광무역),X,X,X
영남대학교,로봇공학과,3.46,23,8.3
영남대학교,미래자동차공학과,3.51,30,7.37
영남대학교,소프트웨어융합전공,3.05,63,6.3
영남대학교,전자공학과,3.17,82,6.84
영남대학교,정보통신공학전공,3.22,63,6.3
영남대학교,컴퓨터공학전공,3.05,63,6.3
영남대학교,컴퓨터학부,3.05,63,6.3
영남대학교,AI데이터사이언스전공,3.05,63,6.3
영남대학교,미디어융합전공,3.05,63,6.3
영남대학교,소프트웨어응용학부,3.26,30,6.5
영남대학교,스마트모빌리티학과,3.51,30,7.37
영남대학교,응용소프트웨어전공,3.26,30,6.5
영남대학교,자동차소프트웨어학과,3.51,30,7.37
영남대학교,차세대반도체학과,X,X,X
영남대학교,교육학과,2.21,7,8.29
영남대학교,국어교육과,2.38,10,8.4
영남대학교,수학교육과,2.01,8,10.63
영남대학교,영어교육과,2.24,10,11.2
영남대학교,유아교육과,2.56,11,9.09
영남대학교,특수체육교육과,3.11,9,10.22
영남대학교,한문교육과,3.65,8,5.38
영남대학교,경찰행정학과,2.18,20,10.55
영남대학교,군사학과,3.41,30,5.23
영남대학교,미디어커뮤니케이션학과,2.76,14,12
영남대학교,사회학과,3.46,12,8.17
영남대학교,심리학과,2.31,14,11.86
영남대학교,정치외교학과,3.26,15,8.07
영남대학교,행정학과,2.88,33,7.76
영남대학교,산림자원학과,3.61,18,9
영남대학교,생명공학과,3.12,24,10.88
영남대학교,식품경제외식학과,3.91,18,6.11
영남대학교,식품공학과,3.45,20,8.75
영남대학교,원예생명과학과,3.76,21,6.9
영남대학교,의생명공학과,2.78,18,13.56
영남대학교,조경학과,4.01,17,6.41
영남대학교,무용학전공,X,X,X
영남대학교,식품영양학과,3.31,19,10.11
영남대학교,의류패션학과,3.71,16,7
영남대학교,주거환경학과,4.13,16,6.81
영남대학교,체육학부,X,X,X
영남대학교,체육학전공,X,X,X
영남대학교,휴먼서비스학과,3.97,15,7.07
영남대학교,약학부,1.14,17,31.76
영남대학교,약학전공,1.14,17,31.76
영남대학교,제약학전공,1.14,17,31.76
영남대학교,관현악전공,X,X,X
영남대학교,국악및작곡전공,X,X,X
영남대학교,산업디자인학과,3.51,12,11.42
영남대학교,생활제품디자인학과,4.13,12,9.42
영남대학교,성악전공,X,X,X
영남대학교,시각디자인학과,3.01,14,14.21
영남대학교,음악학부,X,X,X
영남대학교,트랜스아트과,4.32,8,6.88
영남대학교,피아노전공,X,X,X
영남대학교,회화과,X,X,X
영남대학교,의예과,1.06,8,34.63
영남대학교,의학과,1.06,8,34.63
영남대학교,국어국문학과,3.89,22,6.68
영남대학교,독일언어문화전공,4.45,10,5.3
영남대학교,문화인류학과,3.81,12,10.33
영남대학교,역사학과,3.17,14,12.14
영남대학교,영어영문학과,3.91,30,5.57
영남대학교,유럽언어문화학부,4.45,10,5.3
영남대학교,일어일문학과,4.12,22,5.09
영남대학교,철학과,4.26,12,6.42
영남대학교,프랑스어문전공,4.45,10,5.3
영남대학교,물리학과,4.12,16,6.44
영남대학교,생명과학과,3.06,21,11.86
영남대학교,수학과,3.46,17,7.18
영남대학교,통계학과,3.31,19,7.16
영남대학교,화학과,3.26,20,8.85
이화여자대학교,간호학부,1.56,17,5
이화여자대학교,간호학전공,1.56,17,5
이화여자대학교,글로벌건강간호학전공,1.56,17,5
이화여자대학교,경영학부,1.62,41,4.1
이화여자대학교,건축도시시스템공학과,1.7,10,4.3
이화여자대학교,건축학과(5년),1.57,12,4.6
이화여자대학교,공과대학,X,X,X
이화여자대학교,기후에너지시스템공학과,1.71,10,5.4
이화여자대학교,식품생명공학과,1.58,9,4.6
이화여자대학교,융합전자반도체공학부,1.54,22,5.3
이화여자대학교,전자전기공학전공,1.63,17,3.5
이화여자대학교,지능형반도체공학전공,1.54,22,5.3
이화여자대학교,화공신소재공학과,1.53,11,5
이화여자대학교,환경공학과,1.72,9,4.1
이화여자대학교,휴먼기계바이오공학과,1.53,17,4.4
이화여자대학교,과학교육과,1.53,18,4.5
이화여자대학교,교육공학과,1.5,10,4.2
이화여자대학교,교육학과,1.44,8,5.2
이화여자대학교,국어교육과,1.47,10,4.3
이화여자대학교,사회과교육과,1.45,15,3.6
이화여자대학교,수학교육과,1.44,10,4.3
이화여자대학교,영어교육과,1.44,10,4.4
이화여자대학교,유아교육과,1.56,8,3.5
이화여자대학교,초등교육과,1.26,9,7.9
이화여자대학교,특수교육과,1.67,8,3.5
이화여자대학교,경제학과,1.57,15,3.7
이화여자대학교,문헌정보학과,1.64,9,3.7
이화여자대학교,사회과학대학,X,X,X
이화여자대학교,사회복지학과,1.72,9,4.3
이화여자대학교,사회학과,1.6,10,4.6
이화여자대학교,소비자학과,1.69,9,3.9
이화여자대학교,심리학과,1.48,9,4.5
이화여자대학교,정치외교학과,1.64,11,4
이화여자대학교,커뮤니케이션·미디어학부,1.49,17,5.1
이화여자대학교,행정학과,1.65,10,3.5
이화여자대학교,국제학부,X,X,X
이화여자대학교,자유전공,X,X,X
이화여자대학교,국제학전공,X,X,X
이화여자대학교,글로벌한국학전공,X,X,X
이화여자대학교,뇌・인지과학부,1.49,10,4.4
이화여자대학교,스크랜튼학부,X,X,X
이화여자대학교,국제사무학과,1.83,8,3.4
이화여자대학교,글로벌스포츠산업전공,X,X,X
이화여자대학교,스포츠과학전공,X,X,X
이화여자대학교,식품영양학과,1.71,9,3.3
이화여자대학교,신산업융합대학,X,X,X
이화여자대학교,융합보건학과,1.61,9,3.4
이화여자대학교,융합콘텐츠학과,1.57,8,4
이화여자대학교,의류산업학과,1.73,10,4.1
이화여자대학교,체육과학부,X,X,X
이화여자대학교,미래산업약학전공,X,X,X
이화여자대학교,약학부,X,X,X
이화여자대학교,약학전공,X,X,X
이화여자대학교,건반악기과,X,X,X
이화여자대학교,관현악과,X,X,X
이화여자대학교,무용과,X,X,X
이화여자대학교,성악과,X,X,X
이화여자대학교,음악대학,X,X,X
이화여자대학교,작곡과,X,X,X
이화여자대학교,한국음악과,X,X,X
이화여자대학교,의예과,X,X,X
이화여자대학교,의학과,X,X,X
이화여자대학교,데이터사이언스전공,1.51,10,3.9
이화여자대학교,인공지능전공,1.56,10,4
이화여자대학교,사이버보안학과,1.67,10,3.5
이화여자대학교,인공지능대학,X,X,X
이화여자대학교,컴퓨터공학과,1.59,17,3.8
이화여자대학교,인공지능데이터사이언스학부,1.53,20,4
이화여자대학교,국어국문학과,1.61,15,3.9
이화여자대학교,기독교학과,1.92,6,3.8
이화여자대학교,독어독문학과,1.74,10,4.4
이화여자대학교,불어불문학과,1.77,10,4.1
이화여자대학교,사학과,1.63,10,4.6
이화여자대학교,영어영문학부,1.57,22,3.8
이화여자대학교,인문과학대학,X,X,X
이화여자대학교,중어중문학과,1.72,12,4.1
이화여자대학교,철학과,1.65,10,3.9
이화여자대학교,물리학과,1.69,8,3.9
이화여자대학교,수학과,1.61,9,3.3
이화여자대학교,자연과학대학,X,X,X
이화여자대학교,통계학과,1.55,10,3.4
이화여자대학교,생명과학과,1.58,17,4.2
이화여자대학교,화학・나노과학과,1.6,15,4
이화여자대학교,공간디자인전공,X,X,X
이화여자대학교,도자예술전공(신),X,X,X
이화여자대학교,동양화전공,X,X,X
이화여자대학교,디자인학부(신),X,X,X
이화여자대학교,산업디자인전공,X,X,X
이화여자대학교,서양화전공,X,X,X
이화여자대학교,섬유・패션학부,X,X,X
이화여자대학교,섬유예술전공(섬유・패션학부),X,X,X
이화여자대학교,시각디자인전공,X,X,X
이화여자대학교,영상디자인전공,X,X,X
이화여자대학교,조소전공(신),X,X,X
이화여자대학교,조형예술학부,X,X,X
이화여자대학교,패션디자인전공(섬유・패션학부),X,X,X
이화여자대학교,호크마교양대학,X,X,X
이화여자대학교,글로벌학부,X,X,X
이화여자대학교,호크마학부,X,X,X
인하대학교,간호학과,1.81,13,11.23
인하대학교,파이낸스경영학과,1.99,8,5.38
인하대학교,경영학과,2.18,24,5.04
인하대학교,국제통상학과,2.25,13,4.85
인하대학교,아태물류학부,2.16,15,4.67
인하대학교,전기전자공학부,1.89,28,5.64
인하대학교,건축공학전공,2.24,10,6.5
인하대학교,건축학부,2.12,18,7.22
인하대학교,건축학전공,2.01,8,8.13
인하대학교,고분자공학과,1.94,10,6.9
인하대학교,공간정보공학과,2.18,7,8.43
인하대학교,기계공학과,1.99,29,6.66
인하대학교,반도체시스템공학과,1.78,11,9.09
인하대학교,사회인프라공학과,2.32,11,7.73
인하대학교,산업경영공학과,2.02,11,5.45
인하대학교,신소재공학과,1.88,16,6.56
인하대학교,에너지자원공학과,2.21,5,8.4
인하대학교,조선해양공학과,2.28,10,7
인하대학교,항공우주공학과,1.88,10,8.4
인하대학교,화학공학과,1.79,16,7.25
인하대학교,환경공학과,2.14,9,9.22
인하대학교,이차전지융합학과,1.92,7,8.86
인하대학교,문화콘텐츠문화경영학과,2.15,11,4.82
인하대학교,사학과,2.38,7,6.86
인하대학교,영어영문학전공,2.41,15,4.47
인하대학교,일본언어문화학과,2.45,8,4.38
인하대학교,중국학과,2.52,11,4.45
인하대학교,철학과,2.48,5,6.8
인하대학교,프랑스언어문화전공,2.55,7,5.29
인하대학교,한국어문학과,2.31,10,5.8
인하대학교,영미유럽인문융합학부,2.48,22,4.7
인하대학교,금융투자학과,X,X,X
인하대학교,메카트로닉스공학과,X,X,X
인하대학교,메카트로닉스공학과,X,X,X
인하대학교,반도체산업융합학과,1.95,5,7.2
인하대학교,산업경영학과,X,X,X
인하대학교,소프트웨어융합공학과,X,X,X
인하대학교,반도체산업융합학과(계약),X,X,X
인하대학교,바이오제약공학과,2.01,6,7.17
인하대학교,생명공학과,1.87,9,8.67
인하대학교,생명과학과,1.89,9,8.22
인하대학교,첨단바이오의약학과,1.94,6,9.5
인하대학교,교육학과,1.88,5,7.8
인하대학교,국어교육과,2.01,6,8.67
인하대학교,사회교육과,2.04,6,6.17
인하대학교,수학교육과,1.85,6,7.33
인하대학교,영어교육과,2.02,6,7.5
인하대학교,체육교육과,X,X,X
인하대학교,경제학과,2.21,15,5.4
인하대학교,미디어커뮤니케이션학과,1.98,8,8.25
인하대학교,사회복지학과,2.16,7,7.57
인하대학교,소비자학과,2.25,7,5.57
인하대학교,아동심리학과,2.11,7,7.43
인하대학교,정치외교학과,2.28,8,5.13
인하대학교,행정학과,2.18,11,4.55
인하대학교,데이터사이언스학과,1.96,10,5.3
인하대학교,디자인테크놀로지학과,2.14,5,8.2
인하대학교,스마트모빌리티공학과,2.01,10,5.9
인하대학교,인공지능공학과,1.84,13,6.85
인하대학교,컴퓨터공학과,1.77,20,7.2
인하대학교,의류디자인학과,2.48,6,4.83
인하대학교,디자인융합학과,X,X,X
인하대학교,스포츠과학과,X,X,X
인하대학교,연극영화학과,X,X,X
인하대학교,조형예술학과,X,X,X
인하대학교,의예과,1.08,8,25.38
인하대학교,의학과,1.08,8,25.38
인하대학교,물리학과,2.11,8,9
인하대학교,수학과,2.08,8,8.38
인하대학교,식품영양학과,2.19,9,7.89
인하대학교,통계학과,1.98,8,6.5
인하대학교,해양과학과,2.17,9,10.11
인하대학교,화학과,1.97,10,8.5
영산대학교,호텔관광학과,2.62,9,10.3
영산대학교,AI그래픽콘텐츠학과,2.45,7,12.1
영산대학교,Bakery&Beverage전공,2.88,8,15.4
영산대학교,KXFood조리전공,3.01,8,14.2
영산대학교,게임VR학과,2.53,10,11.5
영산대학교,관광컨벤션학과,2.71,8,9.8
영산대학교,동양조리전공,3.05,7,13.8
영산대학교,디자인학부,2.58,15,18.5
영산대학교,디자인학부(실내환경디자인전공),2.64,7,12.4
영산대학교,디자인학부(패션디자인전공),2.51,7,14.1
영산대학교,만화애니메이션학과,2.15,5,25.4
영산대학교,미용예술학과,2.82,10,11.2
영산대학교,서양조리전공,2.98,7,14.5
영산대학교,연기공연미디어학부(방송사진미디어전공),2.75,6,13.2
영산대학교,연기공연미디어학부(연기공연예술전공),X,X,X
영산대학교,웹툰학과,2.22,5,22.1
영산대학교,조리예술학부,2.95,30,14.4
영산대학교,항공관광학과,2.58,12,19.8
영산대학교,시니어모델학과,X,X,X
영산대학교,연기공연미디어학부(KXPop전공),X,X,X
영산대학교,미용건강관리학과,2.91,8,9.5
영산대학교,부동산학과,2.78,11,8.2
영산대학교,사회복지학과,2.55,13,11.4
영산대학교,실버재활학과,2.84,7,10.1
영산대학교,아동・가족상담학과,2.72,9,10.8
영산대학교,웰빙조리창업학과,3.12,6,8.9
영산대학교,헬스케어학과,2.79,8,12.3
영산대학교,EGL전공,X,X,X
영산대학교,KX비즈니스전공,2.85,10,7.4
영산대학교,글로벌디자인전공,2.7,5,11.5
영산대학교,글로벌학부,2.82,25,8.5
영산대학교,레저스포츠관광학과,2.95,8,13.6
영산대학교,물류경영학과,2.68,12,9.1
영산대학교,비즈니스법전공,2.75,10,8.8
영산대학교,한・베트남통역전공,3.21,5,6.5
영산대학교,노인복지상담학과,2.88,6,9.2
영산대학교,인문문화융합학과,3.15,8,7.1
영산대학교,간호학과,1.85,35,15.6
영산대학교,건축공학과,2.74,12,11.8
영산대학교,경찰행정학과,2.24,12,16.4
영산대학교,기계・자동차공학과,2.65,18,10.2
영산대학교,도시농업치유복지융합전공,3.05,5,9.1
영산대학교,도시부동산전공,2.81,8,8.5
영산대학교,동양무예학과,X,X,X
영산대학교,동양상담복지학부,2.94,10,9.8
영산대학교,드론공간정보공학과,2.78,7,12.5
영산대학교,물리치료학과,1.94,10,22.4
영산대학교,반려동물복지전공,2.61,6,18.5
영산대학교,법학과,2.52,18,10.4
영산대학교,사회복지정보전공,2.71,10,11.2
영산대학교,수소시스템공학과,2.72,8,13.1
영산대학교,융합전공학부,2.8,20,9.5
영산대학교,전기전자공학과,2.48,25,11.6
영산대학교,치위생학과,2.12,10,14.5
영산대학교,태권도학과,X,X,X
영산대학교,명리전공,X,X,X
영산대학교,컴퓨터공학과,2.35,22,12.8
영산대학교,풍수지리전공,2.68,35,6.8
울산대학교,경영경제융합학부,2.75,18,7.2
울산대학교,공공인재학부,2.52,42,8.5
울산대학교,ICT융합학부,2.44,12,10.2
울산대학교,ICT융합학부(인공지능트랙),2.58,30,7.8
울산대학교,ICT융합학부(인공지능트랙제외),2.61,15,9.4
울산대학교,미래모빌리티공학부,2.38,20,11.5
울산대학교,바이오메디컬헬스학부,2.55,25,8.9
울산대학교,신소재・반도체융합학부,2.48,10,9.5
울산대학교,신소재・반도체융합학부(나노반도체공학트랙),2.59,15,8.4
울산대학교,신소재・반도체융합학부(신소재공학트랙),2.41,18,9.2
울산대학교,에너지화학공학부,2.57,22,7.6
울산대학교,전기전자융합학부,2.88,16,6.4
울산대학교,건축・도시환경학부,2.65,12,13.8
울산대학교,디자인융합학부,X,X,X
울산대학교,스포츠과학부,2.61,5,9
울산대학교,EXMobility전공,2.95,8,5.8
울산대학교,공동체혁신전공,2.61,10,9.6
울산대학교,미래모빌리티전공,2.72,12,7.2
울산대학교,스마트기계설계해석전공,2.91,10,6.1
울산대학교,스마트도시・건설전공,2.65,10,8.3
울산대학교,스마트제조ICT전공,2.78,8,7.9
울산대학교,저탄소그린에너지전공,2.53,10,10.5
울산대학교,지능로봇전공,1.72,25,18.4
울산대학교,간호학과,1.72,25,18.4
울산대학교,간호학전공,1.04,10,35.8
울산대학교,의예과,1.04,10,35.8
울산대학교,의학과,1.04,10,35.8
울산대학교,의학전공,2.92,30,5.4
울산대학교,글로벌인문학부,X,X,X
울산대학교,예술학부,X,X,X
울산대학교,예술학부(미술계열트랙),X,X,X
울산대학교,예술학부(음악계열트랙),X,X,X
울산과학기술원(UNIST),기계공학과,X,X,X
울산과학기술원(UNIST),반도체공학과,X,X,X
울산과학기술원(UNIST),신소재공학과,X,X,X
울산과학기술원(UNIST),에너지화학공학과,X,X,X
울산과학기술원(UNIST),원자력공학과,X,X,X
울산과학기술원(UNIST),지구환경도시건설공학과,X,X,X
울산과학기술원(UNIST),경영과학부,X,X,X
울산과학기술원(UNIST),인문학부,X,X,X
울산과학기술원(UNIST),물리학과,X,X,X
울산과학기술원(UNIST),수리과학과,X,X,X
울산과학기술원(UNIST),화학과,X,X,X
울산과학기술원(UNIST),디자인학과,X,X,X
울산과학기술원(UNIST),바이오메디컬공학과,X,X,X
울산과학기술원(UNIST),산업공학과,X,X,X
울산과학기술원(UNIST),생명과학과,X,X,X
울산과학기술원(UNIST),전기전자공학과,X,X,X
울산과학기술원(UNIST),컴퓨터공학과,X,X,X
전남대학교,미래모빌리티학과,2.88,12,7.5
전남대학교,IoT인공지능융합전공,3.05,10,6.8
전남대학교,데이터사이언스융합전공,2.91,10,8.2
전남대학교,로봇공학융합전공,3.12,10,7.4
전남대학교,미래에너지공학융합전공,3.25,10,6.1
전남대학교,빅데이터금융공학융합전공,3.34,8,5.5
전남대학교,빅데이터융합학과,2.98,12,8.9
전남대학교,인공지능학부,2.76,25,9.4
전남대학교,지능실감미디어융합전공,3.41,8,5.2
전남대학교,지능형모빌리티융합전공,3.02,10,6.5
전남대학교,지식재산융합전공,3.55,5,4.8
전남대학교,국제개발협력학융합전공,3.62,5,4.2
전남대학교,간호학과,2.15,35,11.2
전남대학교,경영학부,2.68,78,7.8
전남대학교,경제학부,3.12,45,6.4
전남대학교,기계공학부,2.74,52,8.5
전남대학교,건축공학전공,3.15,18,7.1
전남대학교,건축도시설계전공(5년),2.82,15,9.8
전남대학교,건축학부,2.98,33,8.5
전남대학교,고분자융합소재공학부,3.24,35,6.2
전남대학교,산업공학과,3.18,16,7.5
전남대학교,생물공학과,2.85,18,9.1
전남대학교,신소재공학부,3.02,55,6.8
전남대학교,에너지자원공학과,3.58,12,5.4
전남대학교,전기공학과,2.05,35,12.5
전남대학교,전자컴퓨터공학부,2.48,85,10.2
전남대학교,토목공학과,3.82,25,5.1
전남대학교,화학공학부,2.35,42,9.4
전남대학교,환경에너지공학과,3.21,15,7.6
전남대학교,농생명화학과,3.31,16,6.8
전남대학교,농업경제학과,3.28,14,5.9
전남대학교,동물자원학부,3.15,22,7.4
전남대학교,바이오에너지공학과,3.42,12,6.1
전남대학교,분자생명공학과,3.08,14,8.5
전남대학교,산림자원학과,3.51,16,5.8
전남대학교,식품공학과,3.18,16,8.2
전남대학교,원예생명공학과,3.45,15,6.4
전남대학교,융합바이오시스템기계공학과,3.38,14,5.7
전남대학교,응용생물학과,3.12,14,8.9
전남대학교,응용식물학과,3.25,15,6.5
전남대학교,임산공학과,3.85,12,4.8
전남대학교,조경학과,3.35,14,7.2
전남대학교,지역 ・ 바이오시스템공학과,3.65,12,5.1
전남대학교,자율전공학부(1년),2.55,35,15.4
전남대학교,자율전공학부(4년),2.72,20,12.1
전남대학교,가정교육과,3.15,8,6.5
전남대학교,교육학과,2.18,8,8.2
전남대학교,국어교육과,2.05,12,9.4
전남대학교,물리교육과,2.52,8,7.1
전남대학교,생물교육과,2.12,8,8.8
전남대학교,수학교육과,1.95,12,10.5
전남대학교,역사교육과,2.08,8,9.1
전남대학교,영어교육과,2.02,12,11.2
전남대학교,유아교육과,2.45,10,7.6
전남대학교,윤리교육과,2.21,8,8.4
전남대학교,음악교육과,3.22,8,12.5
전남대학교,지구과학교육과,2.48,8,6.2
전남대학교,지리교육과,2.35,8,7.5
전남대학교,체육교육과,2.65,10,14.8
전남대학교,특수교육학부,2.58,15,8.1
전남대학교,화학교육과,2.28,8,7.9
전남대학교,문헌정보학과,3.12,12,6.8
전남대학교,문화인류고고학과,3.45,10,5.5
전남대학교,미디어커뮤니케이션학과,2.55,15,10.2
전남대학교,사회학과,3.08,14,6.4
전남대학교,심리학과,2.24,14,9.8
전남대학교,정치외교학과,3.21,15,5.8
전남대학교,지리학과,3.48,12,5.2
전남대학교,행정학과,2.51,22,8.9
전남대학교,생활복지학과,3.25,12,7.4
전남대학교,식품영양과학부,3.18,25,8.1
전남대학교,의류학과,3.65,12,5.5
전남대학교,수의예과,1.35,15,28.5
전남대학교,수의학과,1.35,15,28.5
전남대학교,약학부,1.21,12,35.4
전남대학교,국악학과,X,X,X
전남대학교,디자인학과,X,X,X
전남대학교,미술학과,X,X,X
전남대학교,음악학과,X,X,X
전남대학교,의학과,1.12,45,18.5
전남대학교,국어국문학과,3.22,25,6.2
전남대학교,독일언어문학과,3.85,12,4.8
전남대학교,불어불문학과,3.91,10,4.5
전남대학교,사학과,3.15,16,7.4
전남대학교,영어영문학과,2.95,35,5.8
전남대학교,일어일문학과,3.48,18,5.1
전남대학교,중어중문학과,3.52,20,5.4
전남대학교,철학과,3.65,14,6.1
전남대학교,물리학과,3.42,18,6.5
전남대학교,생명과학기술학부,2.52,32,9.8
전남대학교,생명과학전공,2.52,32,9.8
전남대학교,생물학과,2.65,20,10.4
전남대학교,수학과,2.98,22,7.2
전남대학교,시스템생명공학전공,2.74,15,8.5
전남대학교,지구환경과학부,3.55,25,5.8
전남대학교,통계학과,2.65,22,8.1
전남대학교,화학과,2.82,22,8.1
전북대학교,간호학과,1.94,24,10.3
전북대학교,경영학과,2.65,45,6.4
전북대학교,경제학부,3.12,32,5.8
전북대학교,경제학부 경제학전공,3.12,32,5.8
전북대학교,무역학과,3.24,22,5.1
전북대학교,지역산업학과,X,X,X
전북대학교,회계학과,3.31,20,4.8
전북대학교,경상계열,2.85,50,6.2
전북대학교,건축공학과,3.18,12,7.5
전북대학교,고분자나노공학과,3.05,12,6.9
전북대학교,기계공학과,2.48,25,9.4
전북대학교,기계설계공학부,2.95,20,7.1
전북대학교,기계설계공학부(기계설계공학전공),2.95,20,7.1
전북대학교,기계설계공학부(나노바이오기계시스템공학전공),3.15,10,6.5
전북대학교,기계시스템공학부,3.08,18,6.8
전북대학교,기계시스템공학부(응용기계공학전공),3.08,18,6.8
전북대학교,기계시스템공학부(정밀기계공학전공),3.21,10,5.9
전북대학교,도시공학과,3.42,10,6.2
전북대학교,바이오메디컬공학부,2.88,12,8.4
전북대학교,바이오메디컬공학부(헬스케어기기공학전공),2.88,12,8.4
전북대학교,바이오메디컬공학부(헬스케어정보공학전공),3.02,10,7.5
전북대학교,산업정보시스템공학과,3.35,12,5.8
전북대학교,소프트웨어공학과,2.62,15,11.2
전북대학교,신소재공학부,2.98,45,6.5
전북대학교,신소재공학부 금속시스템공학전공,3.35,15,5.2
전북대학교,신소재공학부 전자재료공학전공,2.98,15,7.1
전북대학교,신소재공학부 정보소재공학전공,3.05,15,6.8
전북대학교,양자시스템공학과,3.45,10,5.4
전북대학교,유기소재섬유공학과,3.38,12,5.1
전북대학교,융합기술공학부,3.52,15,4.8
전북대학교,융합기술공학부(IT융합기전공학전공),3.52,15,4.8
전북대학교,융합기술공학부(IT응용시스템공학전공),3.65,10,4.2
전북대학교,전기공학과,2.12,18,12.8
전북대학교,전자공학부,2.45,55,9.6
전북대학교,컴퓨터인공지능학부,2.55,42,10.4
전북대학교,컴퓨터인공지능학부 인공지능전공,2.52,15,11.5
전북대학교,컴퓨터인공지능학부 컴퓨터공학전공,2.58,27,9.8
전북대학교,토목/환경/자원.에너지공학부,3.55,35,5.5
전북대학교,토목/환경/자원․에너지공학부(자원․에너지공학전공),3.72,10,4.8
전북대학교,토목/환경/자원․에너지공학부(토목공학전공),3.55,15,5.5
전북대학교,토목/환경/자원․에너지공학부(환경공학전공),3.38,10,6.1
전북대학교,한옥건축학과,3.85,8,4.5
전북대학교,항공우주공학과,2.82,12,8.2
전북대학교,화학공학부,2.38,42,8.7
전북대학교,화학공학부(나노화학공학전공),2.52,12,9.1
전북대학교,화학공학부(생명화학공학전공),2.38,15,8.8
전북대학교,화학공학부(에너지화학공학전공),2.45,15,8.5
전북대학교,공학계열 1,2.72,40,7.1
전북대학교,공학계열 2,2.91,40,6.5
전북대학교,스마트팜학과,2.95,10,8.2
전북대학교,식물의학과,3.18,12,6.8
전북대학교,농경제유통학부(농업경제학),3.32,12,5.5
전북대학교,농경제유통학부(식품유통학),3.45,10,5.1
전북대학교,농생명과학과,3.58,8,4.6
전북대학교,농업시스템학과,X,X,X
전북대학교,동물생명공학과,3.05,12,7.4
전북대학교,동물자원과학과,3.15,12,6.9
전북대학교,목재응용과학과,3.85,10,4.2
전북대학교,산림환경과학과,3.52,12,5.5
전북대학교,생명자원융합학과,X,X,X
전북대학교,생물산업기계공학과,3.61,10,4.8
전북대학교,생물환경화학과,3.42,10,5.2
전북대학교,식품공학과,3.11,12,7.8
전북대학교,에코농산업벤처시스템학과,3.75,8,4.1
전북대학교,원예학과,3.48,12,5.4
전북대학교,작물생명과학과,3.31,12,5.8
전북대학교,조경학과,3.35,12,6.4
전북대학교,지역건설공학과,3.72,10,4.5
전북대학교,농업생명과학계열,3.22,45,5.8
전북대학교,과학교육학부,2.25,20,8.5
전북대학교,과학교육학부 물리교육전공,2.48,5,7.2
전북대학교,과학교육학부 생물교육전공,2.12,5,9.8
전북대학교,과학교육학부 지구과학교육전공,2.51,5,6.8
전북대학교,과학교육학부 화학교육전공,2.25,5,8.5
전북대학교,교육학과,2.08,8,9.2
전북대학교,국어교육과,1.95,12,10.5
전북대학교,독어교육과,2.88,6,5.5
전북대학교,수학교육과,1.88,12,11.2
전북대학교,역사교육과,2.02,8,9.8
전북대학교,영어교육과,1.98,12,10.1
전북대학교,윤리교육과,2.15,8,8.4
전북대학교,일반사회교육과,2.08,8,9.5
전북대학교,지리교육과,2.31,8,7.8
전북대학교,체육교육과,2.55,10,14.2
전북대학교,사회과교육학부,2.15,24,8.5
전북대학교,공공인재학부,2.42,25,8.2
전북대학교,미디어커뮤니케이션학과,2.51,12,9.4
전북대학교,사회복지학과,2.48,10,8.8
전북대학교,사회학과,2.95,12,6.5
전북대학교,심리학과,2.18,12,10.2
전북대학교,정치외교학과,3.12,12,5.4
전북대학교,행정학과,2.52,22,7.9
전북대학교,사회과학계열,2.72,35,6.8
전북대학교,식품영양학과,3.08,12,7.5
전북대학교,아동학과(인문사회),3.15,10,6.8
전북대학교,의류학과,3.51,10,5.2
전북대학교,주거환경학과,3.42,10,5.5
전북대학교,생활과학계열,3.22,20,5.1
전북대학교,수의예과(1년),1.28,12,28.4
전북대학교,수의학과(5년),1.28,12,28.4
전북대학교,약학과,1.15,10,45.2
전북대학교,무용학과,X,X,X
전북대학교,미술학과,X,X,X
전북대학교,산업디자인학과,3.25,10,12.4
전북대학교,음악과,X,X,X
전북대학교,한국음악학과,X,X,X
전북대학교,의예과,1.08,40,15.8
전북대학교,의학과,1.08,40,15.8
전북대학교,국제학부,3.45,10,4.8
전북대학교,고고문화인류학과,3.58,10,4.2
전북대학교,국어국문학과,3.12,22,5.5
전북대학교,독일학과,3.82,10,3.8
전북대학교,문헌정보학과,2.91,12,7.4
전북대학교,사학과,2.88,12,8.1
전북대학교,스페인・중남미학과,3.65,10,4.1
전북대학교,영어영문학과,2.75,30,5.2
전북대학교,일본학과,3.42,15,4.5
전북대학교,중어중문학과,3.35,20,4.8
전북대학교,철학과,3.51,12,5.2
전북대학교,프랑스·아프리카학과,3.78,10,3.9
전북대학교,인문계열,3.25,45,4.7
전북대학교,과학학과,3.41,8,4.5
전북대학교,물리학과,3.32,12,5.8
전북대학교,반도체과학기술학과,2.68,15,10.5
전북대학교,분자생물학과,2.85,12,8.4
전북대학교,생명과학과,2.52,18,9.8
전북대학교,수학과,2.98,18,6.5
전북대학교,스포츠과학과,2.82,10,15.6
전북대학교,지구환경과학과,3.51,15,4.8
전북대학교,통계학과,3.12,15,6.1
전북대학교,화학과,2.75,18,7.4
전북대학교,자연과학계열 1,3.05,35,5.2
전북대학교,자연과학계열 2,3.18,35,5.5
전북대학교,치의예과,1.18,12,22.5
전북대학교,치의학과,1.18,12,22.5
전북대학교,생명공학부,2.95,22,7.8
전북대학교,생명공학부(생명자원소재공학전공),2.95,11,7.8
전북대학교,생명공학부(환경생명공학전공),3.08,11,7.5
전북대학교,생태조경디자인학과,3.41,10,6.2
전북대학교,환경생명자원계열,3.25,20,5.4
중앙대학교,실감미디어학과,1.71,5,7.4
중앙대학교,경영경제대학,1.68,95,5.8
중앙대학교,경영학부(경영학전공),1.62,50,6.2
중앙대학교,경영학부(글로벌금융전공),1.58,12,8.5
중앙대학교,경제학부,1.65,25,5.4
중앙대학교,광고홍보학과,1.55,10,7.9
중앙대학교,국제물류학과,1.72,15,6.1
중앙대학교,산업보안학과,1.59,10,5.8
중앙대학교,응용통계학과,1.58,10,9.2
중앙대학교,지식경영학부,X,X,X
중앙대학교,공과대학,1.65,60,7.2
중앙대학교,건축학부,1.82,15,6.5
중앙대학교,건축학부(건축공학전공),1.85,8,5.8
중앙대학교,건축학부(건축학전공),1.78,7,8.4
중앙대학교,기계공학부,1.64,25,8.1
중앙대학교,사회기반시스템공학부,1.88,15,6.2
중앙대학교,사회기반시스템공학부(건설환경플랜트공학전공),1.92,8,5.5
중앙대학교,사회기반시스템공학부(도시시스템공학전공),1.85,7,7.1
중앙대학교,에너지시스템공학부,1.75,15,9.4
중앙대학교,화학공학과,1.52,15,11.5
중앙대학교,교양대학,X,X,X
중앙대학교,교육학과,1.52,6,7.8
중앙대학교,영어교육과,1.48,7,8.2
중앙대학교,유아교육과,1.65,6,6.4
중앙대학교,체육교육과,X,X,X
중앙대학교,사회과학대학,1.72,45,5.1
중앙대학교,공공인재학부,1.51,25,10.4
중앙대학교,도시계획부동산학과,1.75,10,6.8
중앙대학교,문헌정보학과,1.78,8,5.9
중앙대학교,미디어커뮤니케이션학부,1.54,15,8.4
중앙대학교,사회복지학부,1.81,15,5.5
중앙대학교,사회학과,1.72,10,6.1
중앙대학교,심리학과,1.45,10,12.5
중앙대학교,정치국제학과,1.68,10,5.4
중앙대학교,AI학과,1.55,12,13.8
중앙대학교,소프트웨어학부,1.58,25,10.5
중앙대학교,약학부,1.12,6,32.5
중앙대학교,공연영상창작학부,X,X,X
중앙대학교,공연영상창작학부(공간연출전공),X,X,X
중앙대학교,공연영상창작학부(연극전공),X,X,X
중앙대학교,공연영상창작학부(영화전공),X,X,X
중앙대학교,의학부(의예),1.06,10,25.4
중앙대학교,의학부(의학),1.06,10,25.4
중앙대학교,인문대학,1.85,40,4.8
중앙대학교,국어국문학과,1.75,10,6.2
중앙대학교,아시아문화학부,1.92,15,4.2
중앙대학교,아시아문화학부(일본어문학전공),1.95,7,4.5
중앙대학교,아시아문화학부(중국어문학전공),1.88,8,4.1
중앙대학교,역사학과,1.71,10,5.8
중앙대학교,영어영문학과,1.65,20,5.2
중앙대학교,유럽문화학부,1.95,15,4.5
중앙대학교,유럽문화학부(독일어문학전공),1.98,5,4.1
중앙대학교,유럽문화학부(러시아어문학전공),2.01,5,3.8
중앙대학교,유럽문화학부(프랑스어문학전공),1.92,5,4.4
중앙대학교,철학과,1.82,8,5.1
중앙대학교,자연과학대학,1.62,35,8.5
중앙대학교,물리학과,1.68,10,7.1
중앙대학교,생명과학과,1.42,12,15.4
중앙대학교,수학과,1.58,10,6.8
중앙대학교,화학과,1.54,10,9.4
중앙대학교,간호학과,1.65,45,12.1
중앙대학교,창의ICT공과대학,1.58,55,9.2
중앙대학교,융합공학부,1.55,15,11.4
중앙대학교,전자전기공학부,1.52,45,12.8
중앙대학교,차세대반도체학과,1.58,8,14.5
중앙대학교,혁신소재응용공학부(나노융합전공),1.82,7,7.8
중앙대학교,혁신소재응용공학부(적층제조전공),1.91,6,6.2
중앙대학교,혁신소재응용공학부(첨단신소재전공),1.75,7,8.5
제주대학교,간호학과,2.38,23,9.04
제주대학교,경영정보학과,4.27,16,6
제주대학교,경영학과,3.56,35,7.74
제주대학교,경영학과,3.56,35,7.74
제주대학교,관광개발학과,4.45,13,4.85
제주대학교,관광경영학과,4.21,18,6.67
제주대학교,무역학과,4.26,22,5.36
제주대학교,회계학과,4.32,24,5.17
제주대학교,인공지능학과,3.88,11,6.36
제주대학교,토목공학과,4.85,18,4.56
제주대학교,건축공학과,4.15,15,6.2
제주대학교,건축학부,3.75,17,9.35
제주대학교,기계메카에너지화학공학부,4.22,45,5.58
제주대학교,기계시스템공학과,4.12,15,6.13
제주대학교,식품생명공학과,4.35,14,5.21
제주대학교,전기공학과,3.12,15,11.4
제주대학교,전기전자통신컴퓨터공학부,3.85,65,7.42
제주대학교,전자공학과,3.68,20,8.25
제주대학교,컴퓨터공학과,3.42,18,10.15
제주대학교,통신공학과,4.25,15,5.8
제주대학교,건축학과,3.65,10,10.2
제주대학교,원자력공학과,4.92,12,3.85
제주대학교,화공그린에너지학과,3.95,15,6.45
제주대학교,초등교육학부,1.55,41,14.25
제주대학교,글로벌자율전공,3.85,15,7.2
제주대학교,자유전공,3.83,22,9.91
제주대학교,건강뷰티향장학과,4.12,8,6.5
제주대학교,관광융복합학과,4.38,8,5.1
제주대학교,부동산관리학과,4.25,10,5.8
제주대학교,실버케어복지학과,4.15,10,6.2
제주대학교,체육교육과,2.85,10,15.4
제주대학교,과학교육학부,3.15,20,7.15
제주대학교,국어교육과,2.25,11,8.45
제주대학교,물리교육전공,3.45,6,5.8
제주대학교,사회교육과,2.35,10,7.9
제주대학교,생물교육전공,2.88,6,8.15
제주대학교,수학교육과,2.12,11,9.2
제주대학교,영어교육과,2.28,11,8.85
제주대학교,윤리교육과,2.55,8,6.45
제주대학교,지리교육과,2.68,8,5.9
제주대학교,컴퓨터교육과,2.95,8,7.25
제주대학교,경제학과,4.12,18,5.15
제주대학교,언론홍보학과,3.35,11,9.4
제주대학교,정치외교학과,4.18,12,4.9
제주대학교,행정학과,3.22,18,8.15
제주대학교,행정학과,3.22,18,8.15
제주대학교,스마트팜학부,4.15,15,5.85
제주대학교,동물생명공학전공,4.02,12,6.25
제주대학교,바이오메디컬정보학과,3.95,12,7.15
제주대학교,바이오소재전공,4.28,12,4.9
제주대학교,분자생명공학전공,3.85,12,7.8
제주대학교,산업응용경제학과,4.52,12,4.35
제주대학교,생명공학부,3.98,35,6.45
제주대학교,식물자원환경전공,4.35,12,4.85
제주대학교,원예과학전공,4.25,12,5.15
제주대학교,수의예과,1.25,11,35.8
제주대학교,수의학과,X,X,X
제주대학교,약학과,1.58,10,42.15
제주대학교,관・현악전공,X,X,X
제주대학교,미술학과,X,X,X
제주대학교,융합디자인학과,3.85,12,12.45
제주대학교,음악학부,X,X,X
제주대학교,작곡・성악・피아노전공,X,X,X
제주대학교,의예과,1.15,20,18.5
제주대학교,의학과,X,X,X
제주대학교,국어국문학과,4.15,18,5.15
제주대학교,독일학과,4.95,10,3.45
제주대학교,사학과,3.95,12,6.15
제주대학교,사회학과,3.82,12,6.85
제주대학교,영어영문학과,3.65,22,5.45
제주대학교,일어일문학과,4.45,15,4.15
제주대학교,중어중문학과,4.52,18,3.95
제주대학교,철학과,4.75,10,4.25
제주대학교,데이터사이언스학과,3.72,10,8.15
제주대학교,물리학과,4.65,10,4.15
제주대학교,생물학과,3.85,12,7.95
제주대학교,생활환경복지학부,4.15,20,5.25
제주대학교,수학과,4.12,12,5.45
제주대학교,스포츠과학과,3.55,10,14.8
제주대학교,식품영양학과,4.05,12,6.15
제주대학교,아동・생활복지전공,3.95,10,6.45
제주대학교,주거・가족복지전공,4.32,10,4.85
제주대학교,패션의류학과,4.18,10,5.95
제주대학교,화학·코스메틱스학과,3.65,12,8.45
제주대학교,수산생명의학과,3.75,12,7.15
제주대학교,지구해양과학과,4.82,10,3.95
제주대학교,해양산업경찰학과,4.55,15,4.25
제주대학교,해양생명과학과,4.42,12,5.15
제주대학교,해양시스템공학과,4.68,12,4.45
제주대학교,해양의생명과학부,4.15,20,5.85
제주대학교,환경공학과,4.25,12,6.15
충북대학교,간호학과,1.95,15,13.5
충북대학교,경영정보학과,3.01,12,8.4
충북대학교,경영학부,2.65,45,10.2
충북대학교,국제경영학과,2.98,12,7.6
충북대학교,경영학자율전공학부,2.82,15,9.5
충북대학교,건축공학과,3.22,12,8.8
충북대학교,건축학과,2.55,10,12.4
충북대학교,공업화학과,2.78,15,9.2
충북대학교,기계공학부,2.62,35,11.5
충북대학교,도시공학과,3.35,10,7.8
충북대학교,신소재공학과,2.85,18,9.4
충북대학교,안전공학과,3.12,12,8.1
충북대학교,토목공학부,3.65,25,6.5
충북대학교,화학공학과,2.35,18,13.2
충북대학교,환경공학과,3.18,12,9.1
충북대학교,공학자율전공학부,2.95,30,8.4
충북대학교,농업생명환경자율전공학부,3.42,40,7.2
충북대학교,농업경제학과,3.31,12,8.1
충북대학교,목재・종이과학과,3.95,10,5.8
충북대학교,바이오시스템공학과,3.38,12,7.5
충북대학교,산림학과,3.58,12,6.9
충북대학교,식물의학과,3.12,12,9.8
충북대학교,식물자원학과,3.51,12,7.4
충북대학교,식품생명공학과,3.05,15,10.5
충북대학교,원예과학과,3.45,12,8.2
충북대학교,지역건설공학과,3.85,10,6.1
충북대학교,지역건설공학과 농촌관광개발전공,3.92,8,5.5
충북대학교,축산학과,3.35,12,8.8
충북대학교,특용식물학과,3.72,10,6.4
충북대학교,환경생명화학과,3.48,12,7.9
충북대학교,동양화전공,X,X,X
충북대학교,디자인학과,X,X,X
충북대학교,서양화전공,2.01,7,11.4
충북대학교,조소전공,1.85,10,12.5
충북대학교,조형예술학과,2.52,7,8.2
충북대학교,교육학과,2.12,8,9.8
충북대학교,국어교육과,2.15,7,10.4
충북대학교,물리교육과,1.78,10,11.2
충북대학교,사회교육과,2.05,7,10.8
충북대학교,생물교육과,1.92,10,12.1
충북대학교,수학교육과,2.21,7,8.5
충북대학교,역사교육과,2.58,7,7.4
충북대학교,영어교육과,2.35,7,8.9
충북대학교,윤리교육과,2.75,10,15.6
충북대학교,지구과학교육과,2.28,7,9.2
충북대학교,지리교육과,2.88,25,8.5
충북대학교,체육교육과,3.15,18,7.8
충북대학교,화학교육과,3.12,12,8.4
충북대학교,사회과학자율전공학부,2.25,12,13.8
충북대학교,경제학과,3.21,12,7.5
충북대학교,사회학과,2.68,18,9.6
충북대학교,심리학과,3.22,20,7.4
충북대학교,정치외교학과,3.25,10,6.8
충북대학교,행정학과,3.08,12,9.5
충북대학교,생활과학자율전공학부,3.15,12,8.2
충북대학교,소비자학과,3.62,12,6.4
충북대학교,식품영양학과,3.55,10,6.1
충북대학교,아동복지학과,1.18,12,32.5
충북대학교,의류학과,X,X,X
충북대학교,주거환경학과,1.85,8,15.4
충북대학교,수의예과,1.12,10,48.2
충북대학교,수의학과,X,X,X
충북대학교,산업제약학과,1.15,10,45.1
충북대학교,약학과,X,X,X
충북대학교,약학과(2+4학제),1.08,25,22.4
충북대학교,제약학과,X,X,X
충북대학교,제약학과(2+4학제),3.12,30,6.8
충북대학교,의예과,3.45,10,7.2
충북대학교,의학과,3.15,18,8.5
충북대학교,인문학자율전공학부,3.82,10,5.2
충북대학교,고고미술사학과,3.88,10,4.8
충북대학교,국어국문학과,3.02,12,9.4
충북대학교,독일언어문화학과,2.85,22,8.1
충북대학교,러시아언어문화학과,3.48,15,6.5
충북대학교,사학과,3.61,12,6.2
충북대학교,영어영문학과,3.75,10,5.5
충북대학교,중어중문학과,3.08,35,7.5
충북대학교,철학과,3.45,12,7.1
충북대학교,프랑스언어문화학과,2.88,12,10.4
충북대학교,자연과학자율전공학부,2.75,12,11.2
충북대학교,물리학과,2.68,12,11.8
충북대학교,미생물학과,2.91,15,8.2
충북대학교,생물학과,2.95,12,9.4
충북대학교,생화학과,3.48,12,6.8
충북대학교,수학과,3.31,10,7.5
충북대학교,정보통계학과,2.62,15,10.8
충북대학교,지구환경과학과,2.52,10,14.2
충북대학교,천문우주학과,2.55,25,12.8
충북대학교,화학과,2.45,40,11.5
충북대학교,미래자동차공학과,2.45,20,11.5
충북대학교,반도체공학부,2.48,20,12.2
충북대학교,소프트웨어학부,2.42,35,13.8
충북대학교,소프트웨어학부 소프트웨어전공,2.48,30,12.5
충북대학교,소프트웨어학부 인공지능전공,2.61,35,10.2
충북대학교,전기공학부,2.61,35,10.2
충북대학교,전자공학과,2.58,15,14.5
충북대학교,정보통신공학부,2.32,25,15.2
충북대학교,지능로봇공학과,2.55,40,11.8
충북대학교,컴퓨터공학과,2.32,25,15.2
충북대학교,컴퓨터공학과,2.32,25,15.2
충북대학교,전자정보자율전공학부,2.55,40,11.8
포항공과대학교,IT융합공학과,X,X,X
포항공과대학교,기계공학과,X,X,X
포항공과대학교,단일계열,X,X,X
포항공과대학교,물리학과,X,X,X
포항공과대학교,반도체공학과,X,X,X
포항공과대학교,산업경영공학과,X,X,X
포항공과대학교,생명과학과,X,X,X
포항공과대학교,수학과,X,X,X
포항공과대학교,신소재공학과,X,X,X
포항공과대학교,인문사회학부,X,X,X
포항공과대학교,전자전기공학과,X,X,X
포항공과대학교,컴퓨터공학과,X,X,X
포항공과대학교,화학공학과,X,X,X
포항공과대학교,화학과,X,X,X
한국외국어대학교,AI데이터융합전공,2.21,12,8.5
한국외국어대학교,AI데이터융합학부,2.21,12,8.5
한국외국어대학교,Finance & AI융합전공,2.35,10,7.2
한국외국어대학교,Finance & AI융합학부,2.35,10,7.2
한국외국어대학교,Language & AI융합전공,1.82,8,9.4
한국외국어대학교,Language & AI융합학부,1.82,8,9.4
한국외국어대학교,Social Science & AI융합전공,2.42,10,6.8
한국외국어대학교,Social Science & AI융합학부,2.42,10,6.8
한국외국어대학교,AI융합대학[통합모집],2.31,25,7.5
한국외국어대학교,글로벌스포츠산업전공,2.55,8,10.2
한국외국어대학교,글로벌스포츠산업학부,2.55,8,10.2
한국외국어대학교,디지털콘텐츠학부,2.48,12,9.1
한국외국어대학교,투어리즘 & 웰니스학부,2.62,10,7.4
한국외국어대학교,Culture & Technology융합대학[통합모집],2.51,20,6.8
한국외국어대학교,글로벌e스포츠매니지먼트전공,2.68,5,11.5
한국외국어대학교,Global Business & Technology전공,2.38,15,8.4
한국외국어대학교,Global Business & Technology학부,2.38,15,8.4
한국외국어대학교,국제금융학과,2.45,10,7.2
한국외국어대학교,경상대학[통합모집],2.41,30,6.5
한국외국어대학교,경영학부,1.62,52,7.8
한국외국어대학교,경영학전공,1.62,52,7.8
한국외국어대학교,반도체전자공학부(반도체공학전공),2.18,15,12.5
한국외국어대학교,반도체전자공학부(전자공학전공),2.25,15,9.8
한국외국어대학교,산업경영공학과,2.51,12,7.4
한국외국어대학교,정보통신공학과,2.42,12,8.1
한국외국어대학교,컴퓨터공학부,2.15,25,10.5
한국외국어대학교,컴퓨터공학전공,2.15,25,10.5
한국외국어대학교,그리스・불가리아학과,2.75,8,5.2
한국외국어대학교,남아프리카어전공,3.02,5,4.8
한국외국어대학교,동아프리카어전공,3.15,5,4.5
한국외국어대학교,루마니아학과,2.88,8,5.4
한국외국어대학교,서아프리카어전공,3.21,5,4.2
한국외국어대학교,세르비아・크로아티아학과,2.92,8,4.9
한국외국어대학교,아프리카학부,3.05,15,4.4
한국외국어대학교,우크라이나학과,2.95,8,5.1
한국외국어대학교,중앙아시아학과,2.82,8,5.8
한국외국어대학교,체코・슬로바키아학과,2.78,8,5.5
한국외국어대학교,폴란드학과,2.71,8,5.9
한국외국어대학교,한국학과,2.52,5,12.4
한국외국어대학교,헝가리학과,2.85,8,5
한국외국어대학교,국가전략언어계열,2.91,20,4.6
한국외국어대학교,미네르바대학(글로벌),2.45,15,8.2
한국외국어대학교,미네르바대학(서울),1.75,10,9.5
한국외국어대학교,자유전공학부(글로벌),2.38,25,10.1
한국외국어대학교,자유전공학부(서울),1.58,20,12.8
한국외국어대학교,외국어교육학부(독일어교육전공),1.92,5,7.1
한국외국어대학교,외국어교육학부(중국어교육전공),1.85,5,8.4
한국외국어대학교,외국어교육학부(프랑스어교육전공),1.88,5,7.8
한국외국어대학교,사범대학,1.82,25,8.5
한국외국어대학교,영어교육과,1.65,10,11.2
한국외국어대학교,한국어교육과,1.78,8,9.6
한국외국어대학교,광고.PR.브랜딩전공,1.55,8,13.5
한국외국어대학교,미디어커뮤니케이션학부,1.58,20,11.4
한국외국어대학교,방송.영상.뉴미디어전공,1.62,6,12.1
한국외국어대학교,언론ㆍ정보전공,1.65,6,10.4
한국외국어대학교,정치외교학과,1.68,12,8.9
한국외국어대학교,행정학과,1.72,12,7.5
한국외국어대학교,사회과학대학[통합모집],1.65,35,8.2
한국외국어대학교,경제학부,1.68,35,7.4
한국외국어대학교,경제학전공,1.68,35,7.4
한국외국어대학교,국제통상학과,1.71,18,7.1
한국외국어대학교,상경대학[통합모집],1.69,45,6.8
한국외국어대학교,FATI전공,2.45,10,6.2
한국외국어대학교,네덜란드어과,1.95,8,5.8
한국외국어대학교,노어과,1.88,12,6.1
한국외국어대학교,독일어과,1.92,18,5.5
한국외국어대학교,스칸디나비아어과,2.02,8,5.2
한국외국어대학교,스페인어과,1.75,22,7.4
한국외국어대학교,이탈리아어과,2.05,8,4.8
한국외국어대학교,포르투갈어과,2.12,8,4.5
한국외국어대학교,프랑스·EU전공,1.85,12,6.2
한국외국어대학교,프랑스어학부,1.88,25,5.9
한국외국어대학교,프랑스응용어문학전공,1.91,13,5.4
한국외국어대학교,특수외국어(유럽지역)계열,2.85,15,4.1
한국외국어대학교,핵심외국어계열,2.72,20,4.8
한국외국어대학교,태국학과,2.15,8,6.4
한국외국어대학교,튀르키예・아제르바이잔학과,2.21,8,5.8
한국외국어대학교,말레이인도네시아어과,2.08,12,5.1
한국외국어대학교,몽골어과,2.25,6,4.9
한국외국어대학교,베트남어과,1.82,10,8.2
한국외국어대학교,아랍어과,1.95,15,6.8
한국외국어대학교,인도어과,2.18,10,5.2
한국외국어대학교,페르시아어・이란학과,2.32,8,4.7
한국외국어대학교,특수외국어(인도・아세안지역)계열,2.92,12,4.3
한국외국어대학교,특수외국어(중동지역)계열,2.98,12,4
한국외국어대학교,ELLT학과,1.72,18,8.5
한국외국어대학교,영미문학.문화학과,1.78,22,7.2
한국외국어대학교,영어통번역학과,2.35,25,6.1
한국외국어대학교,영어대학[통합모집],1.74,50,7.5
한국외국어대학교,융합인재학부,2.42,30,8.8
한국외국어대학교,사학과,1.85,12,6.4
한국외국어대학교,언어인지과학과,1.91,10,5.8
한국외국어대학교,철학과,1.95,12,5.2
한국외국어대학교,인문대학[통합모집],1.88,40,5.1
한국외국어대학교,융합일본지역전공,2.55,12,5.4
한국외국어대학교,융합일본지역학부,2.55,12,5.4
한국외국어대학교,일본언어문화전공,1.82,15,7.8
한국외국어대학교,일본언어문화학부,1.82,15,7.8
한국외국어대학교,일본학대학[통합모집],1.84,25,7.1
한국외국어대학교,생명공학과,2.22,12,9.4
한국외국어대학교,수학과,2.45,10,6.8
한국외국어대학교,전자물리학과,2.52,10,6.2
한국외국어대학교,통계학과,2.31,10,8.1
한국외국어대학교,화학과,2.28,12,8.5
한국외국어대학교,환경학과,2.48,12,7.6
한국외국어대학교,자연과학대학[통합모집],2.38,40,7.4
한국외국어대학교,중국언어문화전공,1.75,15,7.2
한국외국어대학교,중국언어문화학부,1.75,15,7.2
한국외국어대학교,중국외교통상전공,1.72,15,8.5
한국외국어대학교,중국외교통상학부,1.72,15,8.5
한국외국어대학교,차이나데이터큐레이션전공,2.51,8,6.4
한국외국어대학교,중국학대학[통합모집],1.73,35,7.6
한림대학교,간호학과,1.92,45,12.5
한림대학교,경영대학,3.85,60,5.4
한림대학교,경영학과,3.85,35,5.8
한림대학교,금융재무학과,4.12,15,4.2
한림대학교,스타트업비즈니스전공,4.35,10,3.8
한림대학교,MICE기획경영전공,4.28,10,4.1
한림대학교,글로벌비즈니스전공,3.95,12,4.5
한림대학교,글로벌학부,3.62,20,6.8
한림대학교,기후변화융합전공,4.55,5,3.2
한림대학교,문화산업전공,4.21,8,4.4
한림대학교,융합과학수사학과,3.15,12,8.9
한림대학교,한국학전공,4.82,5,3.1
한림대학교,한중통번역전공,4.65,5,3.5
한림대학교,디지털미디어콘텐츠전공,3.72,15,6.2
한림대학교,미디어스쿨,3.55,40,7.4
한림대학교,언론방송융합미디어전공,3.48,20,8.1
한림대학교,디지털인문예술전공,4.25,10,4.8
한림대학교,미래융합스쿨,3.92,30,5.1
한림대학교,융합관광경영전공,4.42,10,3.9
한림대학교,융합신소재공학전공,4.18,12,5.5
한림대학교,의약신소재전공,3.82,12,7.2
한림대학교,강원형반도체융합전공,4.05,10,4.8
한림대학교,디스플레이전공,4.22,10,4.1
한림대학교,반도체・디스플레이스쿨,4.15,25,4.6
한림대학교,반도체전공,4.08,15,5.2
한림대학교,공공인재융합전공,3.75,12,6.4
한림대학교,경제학과,4.25,15,4.5
한림대학교,광고홍보학과,3.42,18,9.8
한림대학교,노인복지학전공,4.12,10,4.8
한림대학교,법학과,3.85,20,6.2
한림대학교,사회복지학부,3.68,30,7.1
한림대학교,사회복지학전공,3.68,20,7.1
한림대학교,사회학과,4.15,15,4.4
한림대학교,심리학과,2.82,18,11.5
한림대학교,정치행정학과,4.02,15,5.1
한림대학교,의학과,1.05,18,24.8
한림대학교,국어국문학전공,4.45,12,4.2
한림대학교,러시아학과,4.92,10,3.1
한림대학교,사학전공,4.28,12,5.4
한림대학교,영어영문학과,4.15,18,4.8
한림대학교,인문학부,4.35,35,3.9
한림대학교,일본학과,4.75,12,3.4
한림대학교,중국학과,4.68,12,3.2
한림대학교,철학전공,4.95,8,2.8
한림대학교,바이오메디컬학과,3.25,15,8.2
한림대학교,바이오헬스케어융합전공,3.58,12,6.5
한림대학교,생명과학과,3.42,18,7.8
한림대학교,식품영양학과,3.88,15,5.9
한림대학교,언어병리학전공,3.52,12,7.1
한림대학교,언어청각학부,3.45,25,7.5
한림대학교,청각학전공,3.35,13,7.9
한림대학교,체육학과,3.22,15,14.5
한림대학교,화학과,3.72,15,6.1
한림대학교,환경생명공학과,3.98,15,5.2
한림대학교,자연과학대학,3.65,40,5.8
한림대학교,AI기술경영융합전공,3.85,8,5.4
한림대학교,AI로봇융합전공,3.72,10,6.1
한림대학교,AI빅데이터정밀의료융합전공,3.41,12,8.5
한림대학교,AI의료융합전공,3.52,10,7.8
한림대학교,데이터사이언스학부,3.55,30,6.5
한림대학교,데이터테크전공,3.65,15,6.2
한림대학교,디지털금융정보전공,3.95,10,5.1
한림대학교,디지털헬스케어융합전공,3.58,12,7.2
한림대학교,빅데이터전공,3.52,15,6.8
한림대학교,소프트웨어학부,3.45,45,8.2
한림대학교,스마트IoT전공,3.78,15,5.5
한림대학교,인공지능융합학부,3.38,35,9.4
한림대학교,임상의학통계전공,3.15,8,10.2
한림대학교,콘텐츠IT전공,3.82,12,5.8
한양대학교,간호학과,6,3.83,1.26
한양대학교,간호학과(야간),X,X,X
한양대학교,경영학부,44,5.07,1.32
한양대학교,파이낸스경영학과,6,6.5,1.21
한양대학교,경제금융학부,24,7.79,1.31
한양대학교,건설환경공학과,6,6.67,1.4
한양대학교,건축공학부,5,5.4,1.33
한양대학교,건축학부,6,7,1.29
한양대학교,기계공학부,22,5.5,1.33
한양대학교,데이터사이언스전공,10,6.2,1.19
한양대학교,데이터사이언스학부,10,6.2,1.19
한양대학교,도시공학과,4,5,1.3
한양대학교,미래자동차공학과,6,5.17,1.22
한양대학교,바이오메디컬공학전공,5,10.4,1.27
한양대학교,반도체공학과,8,4.75,1.19
한양대학교,산업공학과,6,5.83,1.23
한양대학교,생명공학과,3,7.33,1.27
한양대학교,신소재공학부,15,6.6,1.24
한양대학교,심리뇌과학전공,X,X,X
한양대학교,에너지공학과,4,11.25,1.2
한양대학교,원자력공학과,4,7.75,1.34
한양대학교,유기나노공학과,4,8.5,1.35
한양대학교,융합전자공학부,22,4.64,1.22
한양대학교,자원환경공학과,3,6.33,1.41
한양대학교,전기·생체공학부,17,4.71,1.26
한양대학교,전기공학전공,17,4.71,1.26
한양대학교,정보시스템학과,5,5.4,1.28
한양대학교,컴퓨터소프트웨어학부,24,4.79,1.2
한양대학교,화학공학과,9,9.56,1.16
한양대학교,국제학부,X,X,X
한양대학교,글로벌콘텐츠융합학부,X,X,X
한양대학교,교육공학과,3,9,1.17
한양대학교,교육학과,3,9.67,1.21
한양대학교,국어교육과,3,6.67,1.26
한양대학교,수학교육과,3,6.67,1.21
한양대학교,영어교육과,3,7.33,1.11
한양대학교,응용미술교육과,X,X,X
한양대학교,관광학부,11,7,1.4
한양대학교,미디어커뮤니케이션학과,6,13,1.23
한양대학교,사회학과,4,7.75,1.34
한양대학교,정치외교학과,4,5.5,1.28
한양대학교,식품영양학과,6,4.17,1.36
한양대학교,실내건축디자인학과,6,5.67,1.37
한양대학교,의류학과,6,4.17,1.37
한양대학교,무용학과,X,X,X
한양대학교,스포츠매니지먼트전공,X,X,X
한양대학교,스포츠사이언스전공,X,X,X
한양대학교,스포츠산업과학부,X,X,X
한양대학교,연극영화학과,X,X,X
한양대학교,관현악과,X,X,X
한양대학교,국악과,X,X,X
한양대학교,성악과,X,X,X
한양대학교,작곡과,X,X,X
한양대학교,피아노과,X,X,X
한양대학교,의예과,X,X,X
한양대학교,의학과,X,X,X
한양대학교,국어국문학과,4,9.75,1.36
한양대학교,독어독문학과,4,5.75,1.49
한양대학교,사학과,4,6.25,1.81
한양대학교,영어영문학과,11,4.45,1.65
한양대학교,중어중문학과,5,7.6,1.45
한양대학교,철학과,3,4.67,1.36
한양대학교,물리학과,4,9.5,1.35
한양대학교,생명과학과,6,4.5,1.29
한양대학교,수학과,6,7.17,1.24
한양대학교,화학과,5,4.4,1.31
한양대학교,정책학과,20,7.8,1.34
한양대학교,행정학과,9,5.22,1.76
홍익대학교,건축학부 실내건축학전공,4,7.25,2.01
홍익대학교,도시공학과,4,5.25,2.12
홍익대학교,경영학부,35,9.77,1.95
홍익대학교,경영학부 경영학전공,35,9.77,1.95
홍익대학교,건설환경공학과,9,10.33,2.25
홍익대학교,기계ㆍ시스템디자인공학과,19,6.89,2.05
홍익대학교,산업・데이터공학과,8,5.38,2.08
홍익대학교,신소재·화공시스템공학부 신소재공학전공,13,11.23,1.98
홍익대학교,신소재·화공시스템공학부 화학공학전공,13,11.23,1.98
홍익대학교,신소재・화공시스템공학부,26,11.23,1.98
홍익대학교,전자·전기공학부,33,7.82,1.92
홍익대학교,컴퓨터공학과,18,9.06,1.85
홍익대학교,국어국문학과,5,8.8,2.15
홍익대학교,독어독문학과,5,10.2,2.28
홍익대학교,불어불문학과,5,8.4,2.22
홍익대학교,영어영문학과,9,9.44,2.11
홍익대학교,미술대학 자율전공,-,-,-
홍익대학교,금속조형디자인과,-,-,-
홍익대학교,도예ㆍ유리과,-,-,-
홍익대학교,동양화과,-,-,-
홍익대학교,디자인학부,-,-,-
홍익대학교,디자인학부 산업디자인전공,-,-,-
홍익대학교,디자인학부 시각디자인전공,-,-,-
홍익대학교,목조형가구학과,-,-,-
홍익대학교,섬유미술ㆍ패션디자인과,-,-,-
홍익대학교,예술학과,4,5,2.18
홍익대학교,조소과,-,-,-
홍익대학교,판화과,-,-,-
홍익대학교,회화과,-,-,-
홍익대학교,법학부,26,9.27,2.02
홍익대학교,교육학과,4,10.75,1.88
홍익대학교,국어교육과,4,7.5,1.92
홍익대학교,수학교육과,4,14.5,1.75
홍익대학교,역사교육과,4,11.25,1.95
홍익대학교,영어교육과,4,6.25,1.91
홍익대학교,과학기술대학 자율전공,36,6.42,3.85
홍익대학교,건축공학부,18,4.83,4.15
홍익대학교,건축공학부 건축공학전공,9,4.83,4.25
홍익대학교,건축공학부 건축디자인전공(5년제),9,5.12,3.95
홍익대학교,기계정보공학과,22,4.55,4.12
홍익대학교,나노신소재학과,15,5.21,3.75
홍익대학교,바이오화학공학과,15,6.15,3.62
홍익대학교,소프트웨어융합학과,28,5.85,3.58
홍익대학교,전자전기융합공학과,35,5.42,3.72
홍익대학교,조선해양공학과,12,3.95,4.55
홍익대학교,상경학부,68,4.25,4.21
홍익대학교,상경학부 글로벌경영전공,25,4.25,4.15
홍익대학교,상경학부 금융보험학전공,20,3.85,4.42
홍익대학교,상경학부 회계학전공,23,4.35,4.32
홍익대학교,디자인컨버전스학부,42,5.14,3.65
홍익대학교,영상ㆍ애니메이션학부,15,6.27,3.48
한국과학기술원(KAIST),기술경영학부,X,X,X
한국과학기술원(KAIST),기술경영학부(IT경영학),X,X,X
한국과학기술원(KAIST),건설및환경공학과,X,X,X
한국과학기술원(KAIST),기계공학과,X,X,X
한국과학기술원(KAIST),바이오및뇌공학과,X,X,X
한국과학기술원(KAIST),반도체시스템공학과,X,X,X
한국과학기술원(KAIST),산업디자인학과,X,X,X
한국과학기술원(KAIST),산업및시스템공학과,X,X,X
한국과학기술원(KAIST),생명화학공학과,X,X,X
한국과학기술원(KAIST),신소재공학과,X,X,X
한국과학기술원(KAIST),원자력및양자공학과,X,X,X
한국과학기술원(KAIST),전기및전자공학부,X,X,X
한국과학기술원(KAIST),전산학부,X,X,X
한국과학기술원(KAIST),항공우주공학과,X,X,X
한국과학기술원(KAIST),뇌인지과학과,X,X,X
한국과학기술원(KAIST),생명과학과,X,X,X
한국과학기술원(KAIST),디지털인문사회과학부,X,X,X
한국과학기술원(KAIST),물리학과,X,X,X
한국과학기술원(KAIST),수리과학과,X,X,X
한국과학기술원(KAIST),화학과,X,X,X
